"HOOK"	"KAAL"	"CAS"	"Name"	"RT"	"Match"	"RTV"	"MatchV"	"Siloxane"	"Cont"	"SampC"	"SampFC"	"AmbiC"	"BlankC"	"SampMax"	"SampFMax"	"SampMean"	"SampFMean"	"SampMedianPos"	"SampFMedianPos"	"SampP"	"SampFP"	"AmbiP"	"BlankP"	"AmbiT"	"BlankT"	"AmbiRatio"	"AmbiFT"	"BlankFT"	"AmbiFRatio"	"Candidate"	"Real"	"AmbiTadj"	"BlankTadj"	"AmbiFTadj"	"BlankFTadj"	"FReal"
0	9.22796018053629e-05	"100-47-0"	"benzonitrile"	7.52535	80.5	0.794067119821429	213.125	FALSE	FALSE	8	8	0	0	127090.974672	127090.974672	2255.26339500234	2255.26339500234	14768.544642	14768.544642	0.0625	0.0625	0	0	0.0352725441032047	0.0352725441032047	Inf	0.0352725441032047	0.0352725441032047	Inf	TRUE	TRUE	0.0623309341001836	0.0659443215842522	0.0395480039945022	0.0401564348251868	TRUE
0.0837413559997946	0.00830214473047382	"100-52-7"	"benzaldehyde"	6.9962	95	0.0726938908209197	19.5850064766839	FALSE	FALSE	127	127	14	38	7931601.19764	7931601.19764	709403.583514477	709403.583514477	404912.530044	404912.530044	0.9921875	0.9921875	0.875	0.974358974358974	0.0168774728695111	8.47671117636490e-11	1.86952940216838	0.0168774728695111	8.47671117636490e-11	1.86952940216838	TRUE	TRUE	1	1	1	1	FALSE
0.00660404471338657	9.59903765486078e-05	"100-66-3"	"anisole"	6.16985	90.5	0.00830745021538461	83.3661538461538	FALSE	FALSE	23	23	0	0	593309.1759	593309.1759	22164.1656635539	22164.1656635539	78291.388353	78291.388353	0.1796875	0.1796875	0	0	0.000300018309399539	0.000300018309399539	Inf	0.000300018309399539	0.000300018309399539	Inf	TRUE	TRUE	0.00154809447650162	0.00161259841302252	0.000925056453981912	0.000925056453981912	TRUE
0.000252560903119369	0.000370446776457311	"102-04-5"	"1,3-diphenylpropan-2-one"	11.2557	76	0.0232521098888889	9.87777777777778	FALSE	FALSE	10	10	0	0	280205.77923	280205.77923	11932.7717945391	11932.7717945391	144584.836155	144584.836155	0.078125	0.078125	0	0	0.00297771912357316	0.00297771912357316	Inf	0.00297771912357316	0.00297771912357316	Inf	TRUE	TRUE	0.0103817774848902	0.0109750219125982	0.00612086708734484	0.00629574900412612	TRUE
0.00362054046325867	0	"103-70-8"	"N-phenylformamide"	11.5163	86	1.37658572218182	14.4545454545455	FALSE	FALSE	10	10	0	0	1097015.73998	1097015.73998	34535.1466437266	34535.1466437266	386240.9615625	386240.9615625	0.078125	0.078125	0	0	0.00325183985010956	0.00325183985010956	Inf	0.00325183985010956	0.00325183985010956	Inf	TRUE	TRUE	0.0108280696523669	0.0110921689121808	0.0063629496085378	0.0063629496085378	TRUE
0.0414101478806613	0.0117096611491846	"106-68-3"	"octan-3-one"	7.46475	92	0.079491852547651	11.2474720357942	FALSE	FALSE	120	120	1	1	18403108.48542	18403108.48542	1070395.33379535	1070395.33379535	465391.56271	465391.56271	0.9375	0.9375	0.0625	0.0256410256410256	8.22929970465938e-09	8.28703709204193e-09	1115.33936098044	8.22929970465938e-09	8.28703709204193e-09	1115.33936098044	TRUE	TRUE	1.51654237414437e-07	1.52718254981916e-07	8.69954540206849e-08	8.76058206873004e-08	TRUE
0.000756662421967563	0	"106-70-7"	"methyl hexanoate"	6.2867	78	0.0219376089090909	53.8545454545455	FALSE	FALSE	11	11	0	0	198174.002496	198174.002496	5138.60575369062	5138.60575369062	33095.996648	33095.996648	0.0859375	0.0859375	0	0	0.00641166672802442	0.00641166672802442	Inf	0.00641166672802442	0.00641166672802442	Inf	TRUE	TRUE	0.0162177452532382	0.0172313543315656	0.00988465287237098	0.00988465287237098	TRUE
0.00034475443131462	4.06614471068792e-05	"110-64-5"	"but-2-ene-1,4-diol"	7.22535	81	2.01512011802198	42.3791208791209	FALSE	FALSE	14	14	0	0	224369.997522	224369.997522	7717.04529275	7717.04529275	50062.5147135	50062.5147135	0.109375	0.109375	0	0	0.00198695019260045	0.00198695019260045	Inf	0.00198695019260045	0.00198695019260045	Inf	TRUE	TRUE	0.00753872278957229	0.008268276607918	0.00445558528037676	0.00474304239523978	TRUE
0.000277940909038372	0.000318103130788141	"111-13-7"	"octan-2-one"	7.6426	84	0.00471852568181817	62	FALSE	FALSE	11	11	0	0	315023.36538	315023.36538	6878.10285192656	6878.10285192656	51301.624034	51301.624034	0.0859375	0.0859375	0	0	0.00939991803700686	0.00939991803700686	Inf	0.00939991803700686	0.00939991803700686	Inf	TRUE	TRUE	0.022455359755072	0.0233190274379593	0.0136390967595786	0.0136390967595786	TRUE
0.000842743974380583	0.000443011780627183	"111-27-3"	"hexan-1-ol"	5.2787	87	0.0447877693589744	24.3333333333333	FALSE	FALSE	12	12	0	0	3032676.38178	3032676.38178	60559.8646180781	60559.8646180781	366993.42156	366993.42156	0.09375	0.09375	0	0	0.0138435475111589	0.0138435475111589	Inf	0.0138435475111589	0.0138435475111589	Inf	TRUE	TRUE	0.0292756988350738	0.0302680954057543	0.0176624571694097	0.0176624571694097	TRUE
1.88237563419139e-05	0.00849178875318718	"1125-21-9"	"4-oxoisophorone"	10.2012	90	0.0869824146049383	49.7401234567901	FALSE	FALSE	67	67	0	0	2726043.92256	2726043.92256	207271.085272914	207271.085272914	200087.8614	200087.8614	0.5234375	0.5234375	0	0	4.35889313665898e-07	4.35889313665898e-07	Inf	4.35889313665898e-07	4.35889313665898e-07	Inf	TRUE	TRUE	5.11179286026371e-06	5.62297214629008e-06	2.93234629193422e-06	3.22558092112764e-06	TRUE
0.000553705676674066	1.72263804790656e-05	"116-53-0"	"2-methylbutanoic acid"	5.1015	83	0.00344997897435897	48.1410256410256	FALSE	FALSE	8	8	0	0	1514485.95254	1514485.95254	27132.38925175	27132.38925175	105527.561136	105527.561136	0.0625	0.0625	0	0	0.036376538503316	0.036376538503316	Inf	0.036376538503316	0.036376538503316	Inf	TRUE	TRUE	0.0634131549584833	0.0670367638132538	0.0401770723767968	0.0407858158976573	TRUE
0.0536711692525298	0.000297336271226932	"120-72-9"	"indole"	12.55775	92	0.0252456288594739	24.7032967032967	FALSE	FALSE	64	64	2	4	4622731.7703	4622731.7703	314752.129401173	314752.129401173	202650.205895	202650.205895	0.5	0.5	0.125	0.102564102564103	3.90241966164134e-05	4.36120473572009e-06	9.40826155298836	3.90241966164134e-05	4.36120473572009e-06	9.40826155298836	TRUE	TRUE	0.000292185491231907	4.6882950908991e-05	0.000167610281791947	2.68940958702739e-05	TRUE
0.0005365691783814	9.7596122469335e-06	"120-92-3"	"cyclopentanone"	3.9064	92	34.456135812381	220.571428571429	FALSE	FALSE	5	5	0	0	135879.99974	135879.99974	2533.71543050234	2533.71543050234	32877.429512	32877.429512	0.0390625	0.0390625	0	0	0.0387130635675329	0.0387130635675329	Inf	0.0387130635675329	0.0387130635675329	Inf	TRUE	TRUE	0.0654272240027516	0.0680443129628617	0.0421289221176093	0.0427577119999617	TRUE
0.00296930967460797	0.0245510028800341	"122-78-1"	"2-phenylacetaldehyde"	8.5033	92	0.114500121974078	40.5856715567583	FALSE	FALSE	92	92	6	3	31402061.65854	31402061.65854	635020.557119447	635020.557119447	109029.252772	109029.252772	0.71875	0.71875	0.375	0.0769230769230769	0.0112673121788069	0.00884477638361981	20.4211383128717	0.0112673121788069	0.00884477638361981	20.4211383128717	TRUE	TRUE	0.0250600563976912	0.0227660753969774	0.0151596563860311	0.0133208013253012	TRUE
0.000367610560513659	0.00061556529041704	"123-35-3"	"β-mercene"	7.5137	84	0.0685149632857142	76.5333333333333	FALSE	FALSE	20	20	0	0	356709.773634	356709.773634	16277.6755161484	16277.6755161484	76719.719466	76719.719466	0.15625	0.15625	0	0	0.000113967353613825	0.000113967353613825	Inf	0.000113967353613825	0.000113967353613825	Inf	TRUE	TRUE	0.00063920820070363	0.000668263118917431	0.000383344734882867	0.000383344734882867	TRUE
0.00023662824005199	1.15042102664252e-05	"123-66-0"	"ethyl hexanoate"	7.7301	82.5	0.00447042566666666	86.2666666666667	FALSE	FALSE	6	6	0	0	241558.56053	241558.56053	3291.44298467031	3291.44298467031	37860.7361225	37860.7361225	0.046875	0.046875	0	0	0.0505771838671624	0.0505771838671624	Inf	0.0505771838671624	0.0505771838671624	Inf	TRUE	TRUE	0.074818053037359	0.0781015246718393	0.0527142479742256	0.0534673086595716	TRUE
0.00200365868956371	0	"13129-23-2"	"methyl furan-3-carboxylate"	6.2759	92	0.00238454595588236	13.4705882352941	FALSE	FALSE	17	17	0	0	250537.051936	250537.051936	5947.92063800781	5947.92063800781	27392.50272	27392.50272	0.1328125	0.1328125	0	0	0.00523223745144866	0.00523223745144866	Inf	0.00523223745144866	0.00523223745144866	Inf	TRUE	TRUE	0.0140616381507683	0.0149990806941528	0.0086041238090489	0.0086041238090489	TRUE
0.0261907016121032	3.28583201770606e-05	"134-20-3"	"methyl 2-aminobenzoate"	13.2516	94	0.198830881876877	36.2897897897898	FALSE	FALSE	32	32	1	3	1906216.235	1906216.235	131425.407628164	131425.407628164	374123.65103	374123.65103	0.25	0.25	0.0625	0.0769230769230769	1.69071100391232e-05	4.64075548307893e-05	30.7553049122655	1.69071100391232e-05	4.64075548307893e-05	30.7553049122655	TRUE	TRUE	0.000145401146336459	0.000299328728658591	8.34084095263409e-05	0.00017170795287392	TRUE
0.00164565899312108	0	"13894-62-7"	"methyl (Z)-hex-3-enoate"	6.42345	83	0.0540726337777778	86.2666666666667	FALSE	FALSE	8	8	0	0	948867.7978	948867.7978	21555.9605504687	21555.9605504687	261616.536102	261616.536102	0.0625	0.0625	0	0	0.0126288730434616	0.0126288730434616	Inf	0.0126288730434616	0.0126288730434616	Inf	TRUE	TRUE	0.027612281739094	0.029091511117974	0.0166881536645742	0.0169915746402938	TRUE
0	0.000180909775931499	"140-29-4"	"2-phenylacetonitrile"	10.08235	90.5	0.000468088888888888	12.7666666666667	FALSE	FALSE	10	10	0	0	467765.39289	467765.39289	9083.85329039531	9083.85329039531	80642.767335	80642.767335	0.078125	0.078125	0	0	0.0135691204258429	0.0135691204258429	Inf	0.0135691204258429	0.0135691204258429	Inf	TRUE	TRUE	0.0291736089155623	0.0301940986251798	0.0176160510791645	0.0176245167005674	TRUE
0.000229408058728463	0.00205960064005664	"141891-14-7"	"4-hydroxy-2,6,6-trimethyl-3-oxocyclohexene-1-carbaldehyde"	13.327	81	0.0304599537651822	109.255060728745	FALSE	FALSE	35	35	1	0	809028.19525	809028.19525	45109.3843778625	45109.3843778625	108255.29654	108255.29654	0.2734375	0.2734375	0.0625	0	5.79376623331127e-05	4.31477428622462e-05	58.0636868648182	5.79376623331127e-05	4.31477428622462e-05	58.0636868648182	TRUE	TRUE	0.000360750472286691	0.000292950464696303	0.000206942131389265	0.000168049103779275	TRUE
0.000621534958627922	4.51898505032769e-05	"15186-51-3"	"rosefuran"	9.3667	80	0.00326755027777782	42.0277777777778	FALSE	FALSE	8	8	0	0	225123.605189	225123.605189	8819.23749788281	8819.23749788281	142168.322453	142168.322453	0.0625	0.0625	0	0	0.00404300967490815	0.00404300967490815	Inf	0.00404300967490815	0.00404300967490815	Inf	TRUE	TRUE	0.0119441179032729	0.012417815430075	0.0071233979986477	0.0071233979986477	TRUE
0.000293750826583834	0	"1576-95-0"	"(Z)-pent-2-en-1-ol"	3.6596	78.5	8.46855021433333	91.6555555555556	FALSE	FALSE	10	10	0	0	197162.284215	197162.284215	5261.26624527734	5261.26624527734	34228.2651822	34228.2651822	0.078125	0.078125	0	0	0.0100194530105805	0.0100194530105805	Inf	0.0100194530105805	0.0100194530105805	Inf	TRUE	TRUE	0.0235001716066342	0.0243869705351864	0.0142584523612107	0.0142584523612107	TRUE
0.00169741762426947	0.00199789247767267	"1629-58-9"	"pent-1-en-3-one"	3.2782	78	0.029732732	1.3	FALSE	FALSE	5	5	0	0	2393319.25476	2393319.25476	46187.8126658594	46187.8126658594	791820.15696	791820.15696	0.0390625	0.0390625	0	0	0.0300460128759599	0.0300460128759599	Inf	0.0300460128759599	0.0300460128759599	Inf	TRUE	TRUE	0.0545906431126596	0.0578497859850572	0.0342062300434005	0.0347407023878287	TRUE
0.000624242324878592	6.67712085409014e-06	"17301-29-0"	"3,7-dimethylundecane"	13.0075	83	6.1492072	52.25	FALSE	FALSE	9	9	0	0	294089.17436	294089.17436	6156.30682429219	6156.30682429219	35611.394289	35611.394289	0.0703125	0.0703125	0	0	0.0165300381738226	0.0165300381738226	Inf	0.0165300381738226	0.0165300381738226	Inf	TRUE	TRUE	0.0343931439423083	0.0355395820737185	0.0207325902519131	0.0207325902519131	TRUE
0.00335120215231983	0.000215258479868174	"17312-83-3"	"5,7-dimethylundecane"	12.3493	85	16.4409326483987	14.1470588235294	FALSE	FALSE	14	14	0	1	270474.20209	270474.20209	12709.4556842422	12709.4556842422	92102.373967	92102.373967	0.109375	0.109375	0	0.0256410256410256	0.000613518685244217	0.0230498869085858	Inf	0.000613518685244217	0.0230498869085858	Inf	TRUE	TRUE	0.00247324719989075	0.045745160172424	0.00146452847445394	0.027074470337069	TRUE
0.00027064012884186	0.000688335740440004	"18829-55-5"	"hept-2-enal"	6.9183	83	0.0205013992885375	68.6916996047431	FALSE	FALSE	23	23	0	0	274775.394314	274775.394314	17289.4150889062	17289.4150889062	83344.764384	83344.764384	0.1796875	0.1796875	0	0	1.25866145605888e-05	1.25866145605888e-05	Inf	1.25866145605888e-05	1.25866145605888e-05	Inf	TRUE	TRUE	0.000115976662736854	0.000115976662736854	6.65292483916839e-05	6.65292483916839e-05	TRUE
0.00124386784775988	0	"192823-15-7"	"2,3,5,8-tetramethyldecane"	12.3822	81.5	1.722968852	135.2	FALSE	FALSE	5	5	0	0	312758.94508	312758.94508	7748.220782625	7748.220782625	204528.19522	204528.19522	0.0390625	0.0390625	0	0	0.0195453822545749	0.0195453822545749	Inf	0.0195453822545749	0.0195453822545749	Inf	TRUE	TRUE	0.0376321538931367	0.0400214969974628	0.0229580680450562	0.0233283594651377	TRUE
0.022833369667883	0.000153454639677335	"19945-61-0"	"(3E)-4,8-dimethylnona-1,3,7-triene"	9.7119	82	0.0372461171659919	57.7165991902834	FALSE	FALSE	29	29	1	0	1595955.689724	1595955.689724	101521.965002241	101521.965002241	284970.204	284970.204	0.2265625	0.2265625	0.0625	0	0.00042213860542347	3.88043699373032e-05	10.0965840640084	0.00042213860542347	3.88043699373032e-05	10.0965840640084	TRUE	TRUE	0.00194485286070099	0.000292950464696303	0.00115697247412358	0.000168049103779275	TRUE
0	0.00365165464447327	"20547-99-3"	"2,2,6-trimethylcyclohexane-1,4-dione"	10.5928	87	0.0343608251097561	47.9756097560976	FALSE	FALSE	38	38	0	0	1072625.60082	1072625.60082	72945.3507273984	72945.3507273984	183553.4295455	183553.4295455	0.296875	0.296875	0	0	2.04530193723593e-06	2.04530193723593e-06	Inf	2.04530193723593e-06	2.04530193723593e-06	Inf	TRUE	TRUE	2.19869958252862e-05	2.3985813627585e-05	1.26126952796216e-05	1.37593039414053e-05	TRUE
8.15317011269137e-05	0.000223125313785809	"2216-34-4"	"4-methyloctane"	5.8859	84	9.32728010686813	22.7967032967033	FALSE	FALSE	13	13	0	0	170838.615096	170838.615096	5175.55502610234	5175.55502610234	28334.991216	28334.991216	0.1015625	0.1015625	0	0	0.00279069928965247	0.00279069928965247	Inf	0.00279069928965247	0.00279069928965247	Inf	TRUE	TRUE	0.0100000057879213	0.0105882414225049	0.0059003356409795	0.00607387492453772	TRUE
0.00081710935815725	0	"2396-77-2"	"methyl (E)-hex-2-enoate"	7.0968	83	0.0350378341818181	120.163636363636	FALSE	FALSE	10	10	0	0	187909.88172	187909.88172	6545.17135256641	6545.17135256641	78996.934158	78996.934158	0.078125	0.078125	0	0	0.00332132364713697	0.00332132364713697	Inf	0.00332132364713697	0.00332132364713697	Inf	TRUE	TRUE	0.0108280696523669	0.0110921689121808	0.0063629496085378	0.0063629496085378	TRUE
0.00436180286671203	0.000534478324966828	"2415-72-7"	"propylcyclopropane"	5.3136	89	0.830345685579832	34.1394957983193	FALSE	FALSE	33	33	0	0	807717.93344	807717.93344	54395.48151075	54395.48151075	142384.97304	142384.97304	0.2578125	0.2578125	0	0	5.60790539238848e-06	5.60790539238848e-06	Inf	5.60790539238848e-06	5.60790539238848e-06	Inf	TRUE	TRUE	5.56476765860088e-05	5.56476765860088e-05	3.19219230028267e-05	3.19219230028267e-05	TRUE
0.000429180150242228	9.35129319398318e-05	"2437-56-1"	"tridec-1-ene"	13.8474	90.5	0.262825551742424	4.63636363636364	FALSE	FALSE	12	12	0	0	177943.264506	177943.264506	10618.8665839141	10618.8665839141	113552.78634	113552.78634	0.09375	0.09375	0	0	0.000315267385659135	0.000315267385659135	Inf	0.000315267385659135	0.000315267385659135	Inf	TRUE	TRUE	0.00156421125961648	0.00162677971000114	0.000933191461551041	0.000933191461551041	TRUE
0.00869847786322464	4.00693690847929e-05	"26456-76-8"	"3,5,5-trimethylhex-2-ene"	7.23525	79	0.0164762443710359	5.04598308668076	FALSE	FALSE	44	44	0	0	2821566.3793	2821566.3793	121764.722854828	121764.722854828	151475.211176	151475.211176	0.34375	0.34375	0	0	5.87268210699264e-05	5.87268210699264e-05	Inf	5.87268210699264e-05	5.87268210699264e-05	Inf	TRUE	TRUE	0.000360750472286691	0.000360750472286691	0.000206942131389265	0.000206942131389265	TRUE
0.0745854112209838	0.000660240790813446	"28115-85-7"	"unknown benzenoid"	11.21545	79	1.88136505054563	5.32118055555556	FALSE	FALSE	60	60	0	4	7258351.4388	7258351.4388	551285.141436812	551285.141436812	416235.32971	416235.32971	0.46875	0.46875	0	0.102564102564103	4.30051536818197e-07	0.000572199876451743	Inf	4.30051536818197e-07	0.000572199876451743	Inf	TRUE	TRUE	5.11179286026371e-06	0.00246045946874249	2.93234629193422e-06	0.0014114263619143	TRUE
0.00393581023802133	0.00176964324978301	"28564-83-2"	"3,5-dihydroxy-6-methyl-2,3-dihydropyran-4-one"	10.2745	87	0.0536992016190476	93.4571428571429	FALSE	FALSE	17	17	2	1	1837912.6183	1837912.6183	64291.2768648984	64291.2768648984	315843.64767	315843.64767	0.1328125	0.1328125	0.125	0.0256410256410256	0.0194925382147768	0.00266269028816923	5.26324517957149	0.0194925382147768	0.00266269028816923	5.26324517957149	TRUE	TRUE	0.0376321538931367	0.010408698399207	0.0229580680450562	0.00597088125225828	TRUE
0	0.000337542957246018	"2918-13-0"	"hept-1-en-3-one"	7.27445	76.5	0.00227604544444445	46.9	FALSE	FALSE	10	10	0	0	368008.37	368008.37	10608.4305954219	10608.4305954219	91487.292498	91487.292498	0.078125	0.078125	0	0	0.00492465520276106	0.00492465520276106	Inf	0.00492465520276106	0.00492465520276106	Inf	TRUE	TRUE	0.0135166068331101	0.0144381936626404	0.00828237465918905	0.00828237465918905	TRUE
0.0174477556477265	0.00439876083058399	"3008-40-0"	"cyclopentane-1,2-dione"	6.3598	91.5	0.0465888760688405	27.1884057971014	FALSE	FALSE	22	22	1	1	5367373.1484	5367373.1484	243251.0109385	243251.0109385	788439.16766	788439.16766	0.171875	0.171875	0.0625	0.0256410256410256	0.00669915274995427	0.00239783912863473	6.45822500294529	0.00669915274995427	0.00239783912863473	6.45822500294529	TRUE	TRUE	0.0166190520143096	0.00966628898730874	0.0101170878264615	0.0055450029849678	TRUE
0.00169939954404357	0	"31501-11-8"	"[(Z)-hex-3-enyl] hexanoate"	13.6738	90	0.0167166584558824	29.0073529411765	FALSE	FALSE	17	17	0	0	424220.79358	424220.79358	18047.7801455078	18047.7801455078	112007.328972	112007.328972	0.1328125	0.1328125	0	0	0.000477454811685937	0.000477454811685937	Inf	0.000477454811685937	0.000477454811685937	Inf	TRUE	TRUE	0.00205305569024953	0.00219970252526735	0.00121833296775032	0.00126184485945569	TRUE
0.002266014039976	0.000121591628064741	"33467-73-1"	"[(Z)-hex-3-enyl] formate"	5.0547	84	0.000347201428571428	50.2380952380952	FALSE	FALSE	7	7	0	0	229834.0116	229834.0116	6153.97173520312	6153.97173520312	87775.716132	87775.716132	0.0546875	0.0546875	0	0	0.0110327175357341	0.0110327175357341	Inf	0.0110327175357341	0.0110327175357341	Inf	TRUE	TRUE	0.0249687817913983	0.0258767374929037	0.0151189092156357	0.0151189092156357	TRUE
0.169679909236835	0.0735879885705492	"3391-86-4"	"oct-1-en-3-ol"	7.445	92	0.117837784782897	27.4383354088834	FALSE	FALSE	128	128	2	0	77785916.2984	77785916.2984	5821460.75636439	5821460.75636439	2454048.52116	2454048.52116	1	1	0.125	0	1.83015264186596e-11	1.74717646375451e-11	824.280615070494	1.83015264186596e-11	1.74717646375451e-11	824.280615070494	TRUE	TRUE	1.18044845400355e-09	7.51285879414439e-10	6.77156477490406e-10	4.30970194392779e-10	TRUE
0.0155138361121415	0.363195387526282	"33933-72-1"	"linalool oxide (pyranoid) ketone"	9.7183	93	0.0351619133574097	28.635201328352	FALSE	FALSE	115	115	5	8	63134878.9581	63134878.9581	11363293.3084558	11363293.3084558	9196352.77652	9196352.77652	0.8984375	0.8984375	0.3125	0.205128205128205	3.0077143684147e-18	2.791061476201e-18	339.830092310934	3.0077143684147e-18	2.791061476201e-18	339.830092310934	TRUE	TRUE	3.87995153525496e-16	1.80023465214965e-16	2.22570863262688e-16	1.03269274619437e-16	TRUE
0.00269156784215753	0	"3681-71-8"	"[(Z)-hex-3-enyl] acetate"	7.77595	95	0.0513974600000001	7.26785714285714	FALSE	FALSE	8	8	0	0	4628180.8236	4628180.8236	60576.6498481406	60576.6498481406	432426.7494	432426.7494	0.0625	0.0625	0	0	0.0546197045164216	0.0546197045164216	Inf	0.0546197045164216	0.0546197045164216	Inf	TRUE	TRUE	0.0774279327760263	0.0800675213933908	0.0553679196467836	0.0561369185307667	TRUE
0	0.00031960677607913	"3779-61-1"	"(E)-β-ocimene"	8.43405	85	0.0429714093333333	21.5111111111111	FALSE	FALSE	10	10	0	0	261703.452468	261703.452468	7854.66345489844	7854.66345489844	75626.872661	75626.872661	0.078125	0.078125	0	0	0.00345163073717125	0.00345163073717125	Inf	0.00345163073717125	0.00345163073717125	Inf	TRUE	TRUE	0.0108280696523669	0.0110921689121808	0.0063629496085378	0.0063629496085378	TRUE
0.00275154225632349	0.279409473973381	"39028-58-5"	"linalool oxide (pyranoid)"	10.79625	93	0.0277444350511014	72.6354662603948	FALSE	FALSE	90	90	2	3	72900840.627	72900840.627	6884845.82876006	6884845.82876006	4101074.21792	4101074.21792	0.703125	0.703125	0.125	0.0769230769230769	9.86471481118106e-10	9.71192547333112e-10	830.433099690705	9.86471481118106e-10	9.71192547333112e-10	830.433099690705	TRUE	TRUE	2.12091368440393e-08	2.08806397676619e-08	1.21664816004566e-08	1.19780414171084e-08	TRUE
0.000627180820195304	0	"40087-61-4"	"(3E,5E)-octa-1,3,5-triene"	5.41675	90	0.0188655138888889	12.2222222222222	FALSE	FALSE	10	10	0	0	304708.34525	304708.34525	10214.9359516094	10214.9359516094	104353.965545	104353.965545	0.078125	0.078125	0	0	0.00352541802635202	0.00352541802635202	Inf	0.00352541802635202	0.00352541802635202	Inf	TRUE	TRUE	0.0108280696523669	0.0110921689121808	0.0063629496085378	0.0063629496085378	TRUE
0.000683069652922995	3.76557297323033e-05	"4316-65-8"	"3,5,5-trimethylhex-1-ene"	7.1886	80	7.36206705714286	43.6964285714286	FALSE	FALSE	8	8	0	0	1265504.65536	1265504.65536	15467.6026838797	15467.6026838797	96165.6155365	96165.6155365	0.0625	0.0625	0	0	0.0662896199360574	0.0662896199360574	Inf	0.0662896199360574	0.0662896199360574	Inf	TRUE	TRUE	0.0881583605335197	0.0929495757799066	0.0662896199360574	0.0671976969214829	TRUE
0.0145370787661411	0.000170361216863299	"4412-91-3"	"furan-3-ylmethanol"	5.3026	84	0.0904123422857143	42.8904761904762	FALSE	FALSE	16	16	0	1	8005773.70428	8005773.70428	112873.872017203	112873.872017203	193585.316088	193585.316088	0.125	0.125	0	0.0256410256410256	0.045453313841478	0.047597061840758	Inf	0.045453313841478	0.047597061840758	Inf	TRUE	TRUE	0.0702081947043732	0.0750341308717655	0.0480506460609911	0.0510461242929868	TRUE
0.0223474893078437	0	"4440-65-7"	"(E)-hex-3-enal"	3.9956	87	0.0153883927777778	58.5630630630631	FALSE	FALSE	37	37	0	0	1530547.51798	1530547.51798	142173.275545508	142173.275545508	413892.13294	413892.13294	0.2890625	0.2890625	0	0	1.84430716228342e-07	1.84430716228342e-07	Inf	1.84430716228342e-07	1.84430716228342e-07	Inf	TRUE	TRUE	2.64350693260624e-06	2.64350693260624e-06	1.51643033343303e-06	1.51643033343303e-06	TRUE
0.000296513210064992	0	"4630-07-3"	"valencene"	14.2632	77	0.06167305	74.2	FALSE	FALSE	5	5	0	0	290118.19302	290118.19302	4359.257437	4359.257437	69582.651975	69582.651975	0.0390625	0.0390625	0	0	0.0424874225513392	0.0424874225513392	Inf	0.0424874225513392	0.0424874225513392	Inf	TRUE	TRUE	0.0676651544336143	0.0702676603733687	0.0455662212869435	0.0462363127764574	TRUE
0.0485245494171938	0	"496-14-0"	"1,3-dihydro-2-benzofuran"	11.17125	79	0.00380301410714285	5.41071428571429	FALSE	FALSE	8	8	0	0	10858847.415	10858847.415	270910.074170867	270910.074170867	3124053.47955	3124053.47955	0.0625	0.0625	0	0	0.018867775964902	0.018867775964902	Inf	0.018867775964902	0.018867775964902	Inf	TRUE	TRUE	0.0376321538931367	0.0392571467656832	0.022888777400045	0.022888777400045	TRUE
0.00211667267698319	0	"53398-84-8"	"[(E)-hex-3-enyl] butanoate"	10.78845	86.5	0.427681419833333	41.1958333333333	FALSE	FALSE	13	13	0	0	984097.396176	984097.396176	23498.6852408672	23498.6852408672	148070.45953	148070.45953	0.1015625	0.1015625	0	0	0.00900054143601434	0.00900054143601434	Inf	0.00900054143601434	0.00900054143601434	Inf	TRUE	TRUE	0.0219069782121858	0.0227660753969774	0.0133208013253012	0.0133208013253012	TRUE
0.00108285664181698	0.000308651942934214	"539-52-6"	"perillene"	9.42525	82.5	0.00244347712418301	125.790849673203	FALSE	FALSE	17	17	0	0	339639.08393	339639.08393	18881.9457854469	18881.9457854469	137579.805948	137579.805948	0.1328125	0.1328125	0	0	0.000344166124806595	0.000344166124806595	Inf	0.000344166124806595	0.000344166124806595	Inf	TRUE	TRUE	0.00164434926296484	0.00170759346538657	0.000979549739834154	0.000979549739834154	TRUE
0.000827675529413532	0	"54166-32-4"	"2,6,6-trimethyloctane"	12.253	83	3.64748839	9	FALSE	FALSE	5	5	0	1	188994.129	188994.129	4157.90885223437	4157.90885223437	99165.510375	99165.510375	0.0390625	0.0390625	0	0.0256410256410256	0.0224832372527387	0.0854038374061971	Inf	0.0224832372527387	0.0854038374061971	Inf	TRUE	TRUE	0.0426520236118131	0.111754819421471	0.0259962430734791	0.0854038374061971	TRUE
0.000361919420523823	1.6667232658109e-05	"592-77-8"	"(E)-hept-2-ene"	5.3486	79	0.00631827200000002	23.3666666666667	FALSE	FALSE	5	5	0	0	351378.94959	351378.94959	4837.53976639063	4837.53976639063	95664.557352	95664.557352	0.0390625	0.0390625	0	0	0.0526731212903102	0.0526731212903102	Inf	0.0526731212903102	0.0526731212903102	Inf	TRUE	TRUE	0.0754981405161113	0.0781015246718393	0.0541362635483744	0.0548987461335627	TRUE
0.003323574982019	0.000810400653978284	"5926-95-4"	"3H-pyran-2,6-dione"	7.6282	86	1.56307134701754	67.4795321637427	FALSE	FALSE	16	16	0	1	1605323.7902	1605323.7902	48319.6487311266	48319.6487311266	299847.41051	299847.41051	0.125	0.125	0	0.0256410256410256	0.00192982025777934	0.00339742606465293	Inf	0.00192982025777934	0.00339742606465293	Inf	TRUE	TRUE	0.00753872278957229	0.0110921689121808	0.00445558528037676	0.0063629496085378	TRUE
0.00243882881314456	0.152288872278278	"5989-33-3"	"linalool oxide (furanoid)"	9.2799	94	0.0337161364413742	117.685959671397	FALSE	FALSE	91	91	0	0	44428248.1557	44428248.1557	3797094.87949283	3797094.87949283	2232017.45046	2232017.45046	0.7109375	0.7109375	0	0	4.91194706980601e-10	4.91194706980601e-10	Inf	4.91194706980601e-10	4.91194706980601e-10	Inf	TRUE	TRUE	1.26728234400995e-08	1.26728234400995e-08	7.2696816633129e-09	7.2696816633129e-09	TRUE
0.000464584221377216	0.000336150803363923	"624-42-0"	"6-methylheptan-3-one"	8.05825	83	0.0810095499242425	42.8106060606061	FALSE	FALSE	12	12	0	0	357377.70936	357377.70936	12613.2043548281	12613.2043548281	67373.50234	67373.50234	0.09375	0.09375	0	0	0.00436762451141917	0.00436762451141917	Inf	0.00436762451141917	0.00436762451141917	Inf	TRUE	TRUE	0.0125205235994016	0.0131028735342575	0.00751637706616323	0.00751637706616323	TRUE
0.000381588125082938	8.56376211053551e-05	"624-54-4"	"pentyl propanoate"	7.2476	79	0.0877797420952381	26.6	FALSE	FALSE	14	14	0	0	126645.41646	126645.41646	6153.35206742422	6153.35206742422	52989.8978525	52989.8978525	0.109375	0.109375	0	0	0.000503285029773328	0.000503285029773328	Inf	0.000503285029773328	0.000503285029773328	Inf	TRUE	TRUE	0.00209431512389546	0.00223875064968136	0.00124143640677421	0.00128424455873194	TRUE
0.00079070492932788	3.90619798209363e-05	"626-89-1"	"4-methylpentan-1-ol"	4.7306	84	0.0261811438235294	16.9967320261438	FALSE	FALSE	17	17	0	0	136451.24842	136451.24842	9055.27856509141	9055.27856509141	65514.773378	65514.773378	0.1328125	0.1328125	0	0	0.000173632991680482	0.000173632991680482	Inf	0.000173632991680482	0.000173632991680482	Inf	TRUE	TRUE	0.000933277330282591	0.000973854605512269	0.000558645277580681	0.000558645277580681	TRUE
0.0837578031683722	0.0154150520555805	"66-25-1"	"hexanal"	4.0229	94	0.36701046580189	16.7062982468797	FALSE	FALSE	128	128	12	6	3463016.00222	3463016.00222	816946.861464602	816946.861464602	640794.350448	640794.350448	1	1	0.75	0.153846153846154	3.54208567896356e-10	7.09834937282038e-26	4.21796007901831	3.54208567896356e-10	7.09834937282038e-26	4.21796007901831	TRUE	TRUE	1.26728234400995e-08	9.15687069093829e-24	7.2696816633129e-09	5.25277853588708e-24	TRUE
0.0232418807090717	0	"6728-26-3"	"(E)-hex-2-enal"	4.9878	91	0.0254612172807018	41.5828796128252	FALSE	FALSE	54	54	0	0	1059543.036444	1059543.036444	123586.883773164	123586.883773164	218251.1609815	218251.1609815	0.421875	0.421875	0	0	4.36806791590151e-10	4.36806791590151e-10	Inf	4.36806791590151e-10	4.36806791590151e-10	Inf	TRUE	TRUE	1.26728234400995e-08	1.26728234400995e-08	7.2696816633129e-09	7.2696816633129e-09	TRUE
0.00021943009561301	0	"693-95-8"	"4-methyl-1,3-thiazole"	8.0701	80	0.005464145	16.7777777777778	FALSE	FALSE	9	9	0	0	263964.64214	263964.64214	6911.09050479688	6911.09050479688	80115.927506	80115.927506	0.0703125	0.0703125	0	0	0.00544387146040282	0.00544387146040282	Inf	0.00544387146040282	0.00544387146040282	Inf	TRUE	TRUE	0.0143318248651421	0.0152665090954775	0.00875753234934367	0.00875753234934367	TRUE
0.00441929676158247	0	"72237-36-6"	"hex-4-enyl acetate"	7.8306	92	0.0140495389583333	12.2291666666667	FALSE	FALSE	16	16	0	0	1732878.53376	1732878.53376	30291.8234858516	30291.8234858516	146653.738041	146653.738041	0.125	0.125	0	0	0.0176424199563728	0.0176424199563728	Inf	0.0176424199563728	0.0176424199563728	Inf	TRUE	TRUE	0.0361249551487633	0.0373093799077391	0.0217589846128597	0.0217589846128597	TRUE
0.00206502729960763	0.000484493336911169	"7642-10-6"	"hept-3-ene"	5.2964	78	0.0274192447368421	20.140350877193	FALSE	FALSE	19	19	0	0	1309791.096	1309791.096	40401.3168257422	40401.3168257422	107766.959606	107766.959606	0.1484375	0.1484375	0	0	0.00343590706105887	0.00343590706105887	Inf	0.00343590706105887	0.00343590706105887	Inf	TRUE	TRUE	0.0108280696523669	0.0110921689121808	0.0063629496085378	0.0063629496085378	TRUE
0.00342873590895749	0.00219312107032281	"78-70-6"	"linalool"	9.44485	82	0.0360195764438122	139.539829302987	FALSE	FALSE	37	37	0	0	1475430.08522	1475430.08522	86649.650009875	86649.650009875	140056.109889	140056.109889	0.2890625	0.2890625	0	0	4.2858423586272e-05	4.2858423586272e-05	Inf	4.2858423586272e-05	4.2858423586272e-05	Inf	TRUE	TRUE	0.000292185491231907	0.000292950464696303	0.000167610281791947	0.000168049103779275	TRUE
0.000681623408768814	3.55974604391292e-05	"871-83-0"	"2-methylnonane"	13.29305	83.5	12.4599394917424	8.54545454545454	FALSE	FALSE	10	10	0	1	143864.896048	143864.896048	6340.11352575781	6340.11352575781	79487.080071	79487.080071	0.078125	0.078125	0	0.0256410256410256	0.00214379963687521	0.0135756412423289	Inf	0.00214379963687521	0.0135756412423289	Inf	TRUE	TRUE	0.00790143294734005	0.0301940986251798	0.00466591685672839	0.0176245167005674	TRUE
4.51490235728775e-05	3.57004733657485e-05	"872-05-9"	"dec-1-ene"	13.8689	83	0.449085332857143	36.2380952380952	FALSE	FALSE	7	7	0	0	122466.848784	122466.848784	2863.87071222656	2863.87071222656	45683.725096	45683.725096	0.0546875	0.0546875	0	0	0.0107945214525655	0.0107945214525655	Inf	0.0107945214525655	0.0107945214525655	Inf	TRUE	TRUE	0.0248659512032313	0.0257869123589066	0.0150715959903745	0.0150715959903745	TRUE
0.189454769718223	0.00151683046734545	"928-96-1"	"(Z)-hex-3-en-1-ol"	5.14305	94	0.486271193877338	18.6839936023622	FALSE	FALSE	87	87	0	0	40801067.787	40801067.787	2634433.75611166	2634433.75611166	1454511.50472	1454511.50472	0.6796875	0.6796875	0	0	1.59376780350041e-07	1.59376780350041e-07	Inf	1.59376780350041e-07	1.59376780350041e-07	Inf	TRUE	TRUE	2.56995058314442e-06	2.56995058314442e-06	1.47423521823788e-06	1.47423521823788e-06	TRUE
0.0209499209089742	0.000208556509729489	"96-04-8"	"heptane-2,3-dione"	4.7488	90	0.717213721015894	28.6307989690722	FALSE	FALSE	66	66	4	2	3218372.90762	3218372.90762	234484.129637684	234484.129637684	272983.8078775	272983.8078775	0.515625	0.515625	0.25	0.0512820512820513	0.56008992531476	0.0617860890912869	0.887272871436807	0.56008992531476	0.0617860890912869	0.887272871436807	TRUE	TRUE	1	1	1	1	FALSE
0.000821843925930273	6.38376350508907e-05	"96-33-3"	"methyl prop-2-enoate"	3.2989	77	0.0377278719444444	7.25	FALSE	FALSE	8	8	0	0	354664.5583	354664.5583	9500.89500133594	9500.89500133594	124017.303953	124017.303953	0.0625	0.0625	0	0	0.0063944200251696	0.0063944200251696	Inf	0.0063944200251696	0.0063944200251696	Inf	TRUE	TRUE	0.0162177452532382	0.0172313543315656	0.00988465287237098	0.00988465287237098	TRUE
0.00506152516817737	0.0296445633096946	"99-83-2"	"α-phellandrene"	7.7757	90	0.0991575381767109	28.14708886619	FALSE	FALSE	69	69	0	0	9545352.9545	9545352.9545	630309.735132041	630309.735132041	178265.606935	178265.606935	0.5390625	0.5390625	0	0	4.30350723519863e-05	4.30350723519863e-05	Inf	4.30350723519863e-05	4.30350723519863e-05	Inf	TRUE	TRUE	0.000292185491231907	0.000292950464696303	0.000167610281791947	0.000168049103779275	TRUE
0.00487933839072296	0.00626273248954398	"99-87-6"	"p-cymene"	8.13685	89	0.111370490188679	73.9902166317261	FALSE	FALSE	46	46	1	1	2686894.76398	2686894.76398	149299.643835023	149299.643835023	161963.109271	161963.109271	0.359375	0.359375	0.0625	0.0256410256410256	4.05144879136836e-05	2.78545540046847e-05	33.2482385454487	4.05144879136836e-05	2.78545540046847e-05	33.2482385454487	TRUE	TRUE	0.000292185491231907	0.000239549164440289	0.000167610281791947	0.000137415799756445	TRUE
0	0.000956319410218956	"EPA-7965"	"epoxy-linalooloxide"	12.21855	78	0.0736180637433862	102.978835978836	FALSE	FALSE	20	20	0	0	749551.2639104	749551.2639104	31552.3899545641	31552.3899545641	131249.807044	131249.807044	0.15625	0.15625	0	0	0.000460176087410018	0.000460176087410018	Inf	0.000460176087410018	0.000460176087410018	Inf	TRUE	TRUE	0.00204699018192732	0.00219861908429231	0.00121617965958362	0.00126122335067931	TRUE
