""	"HOOK"	"KAHO"	"KAAL"	"HOOK"	"KAHO"	"KAAL"	"HOOK"	"KAHO"	"KAAL"	"CID"	"CAS"	"Name"	"RT"	"Match"	"RTV"	"MatchV"	"Siloxane"	"Cont"	"SampC"	"SampFC"	"AmbiC"	"BlankC"	"SampMax"	"SampFMax"	"SampMean"	"SampFMean"	"SampMedianPos"	"SampFMedianPos"	"SampP"	"SampFP"	"AmbiP"	"BlankP"	"AmbiT"	"BlankT"	"AmbiRatio"	"AmbiFT"	"BlankFT"	"AmbiFRatio"	"Candidate"	"Real"	"AmbiTadj"	"BlankTadj"	"AmbiFTadj"	"BlankFTadj"	"FReal"	"Compound"	"Class"	"Characteristics"	"Functional.group"	"Species"	"Family"	"Order"	"IUPAC.Name"	"InChI"	"InChI.Key"	"Canonical.SMILES"	"Molecular.Weight"	"Hydrogen.Bond.Donor.Count"	"Hydrogen.Bond.Acceptor.Count"	"Rotatable.Bond.Count"	"Complexity"	"Topological.Polar.Surface.Area"	"Monoisotopic.Mass"	"Exact.Mass"	"XLogP3"	"Formal.Charge"	"Heavy.Atom.Count"	"Defined.Atom.Stereocenter.Count"	"Undefined.Atom.Stereocenter.Count"	"Defined.Bond.Stereocenter.Count"	"Undefined.Bond.Stereocenter.Count"	"Isotope.Atom.Count"	"Kovats.Retention.Index.Standard.non.polar"	"Kovats.Retention.Index.Semi.standard.non.polar"	"Kovats.Retention.Index.Standard.polar"	"XLogP3.AA"	"pKa"	"Kovats.Retention.Index"	"Isomeric.SMILES"	"Kovats.Retention.Index.Standard.non.polar.1"	"Kovats.Retention.Index.Semi.standard.non.polar.1"	"Kovats.Retention.Index.Standard.polar.1"
"benzonitrile"	NA	11592.5383662	71051.3807426369	NA	0.000432362846055733	0.00518030512494798	0	0.024390243902439	0.131578947368421	7505	"100-47-0"	"benzonitrile"	7.52535	80.5	0.794067119821429	213.125	FALSE	FALSE	8	8	0	0	127090.974672	127090.974672	2255.26339500234	2255.26339500234	14768.544642	14768.544642	0.0625	0.0625	0	0	0.0352725441032047	0.0352725441032047	Inf	0.0352725441032047	0.0352725441032047	Inf	TRUE	TRUE	0.0623309341001836	0.0659443215842522	0.0395480039945022	0.0401564348251868	TRUE	"benzonitrile"	"Benzenoids"	"C6-C2"	"N-compounds"	3	3	3	"benzonitrile"	"InChI=1S/C7H5N/c8-6-7-4-2-1-3-5-7/h1-5H"	"JFDZBHWFFUWGJE-UHFFFAOYSA-N"	"C1=CC=C(C=C1)C#N"	103.124	0	1	0	103	23.8	103.042	103.042	1.6	0	8	0	0	0	0	0	NA	NA	NA	NA	NA	NA	NA	NA	NA	NA
"benzaldehyde"	2202637.03685992	597610.211769275	1071983.8289362	0.227076242051449	0.0481332178378542	0.0755008813165771	1	0.975609756097561	1	240	"100-52-7"	"benzaldehyde"	6.9962	95	0.0726938908209197	19.5850064766839	FALSE	FALSE	127	127	14	38	7931601.19764	7931601.19764	709403.583514477	709403.583514477	404912.530044	404912.530044	0.9921875	0.9921875	0.875	0.974358974358974	0.0168774728695111	8.47671117636490e-11	1.86952940216838	0.0168774728695111	8.47671117636490e-11	1.86952940216838	TRUE	TRUE	1	1	1	1	FALSE	"benzaldehyde"	"Benzenoids"	"C6-C1"	"Aldehydes"	276	58	26	"benzaldehyde"	"InChI=1S/C7H6O/c8-6-7-4-2-1-3-5-7/h1-6H"	"HUMNYLRZRPPJDN-UHFFFAOYSA-N"	"C1=CC=C(C=C1)C=O"	106.124	0	1	1	72.5	17.1	106.042	106.042	1.5	0	8	0	0	0	0	0	NA	NA	NA	NA	NA	NA	NA	NA	NA	NA
"anisole"	277560.286946921	97349.937036414	100722.288722807	0.0399575212464644	0.0146375948614254	0.00662930108769438	0.472222222222222	0.0731707317073171	0.0263157894736842	7519	"100-66-3"	"anisole"	6.16985	90.5	0.00830745021538461	83.3661538461538	FALSE	FALSE	23	23	0	0	593309.1759	593309.1759	22164.1656635539	22164.1656635539	78291.388353	78291.388353	0.1796875	0.1796875	0	0	0.000300018309399539	0.000300018309399539	Inf	0.000300018309399539	0.000300018309399539	Inf	TRUE	TRUE	0.00154809447650162	0.00161259841302252	0.000925056453981912	0.000925056453981912	TRUE	"methoxybenzene"	"Benzenoids"	"C6-C0"	"Ethers"	16	7	7	"anisole"	"InChI=1S/C7H8O/c1-8-7-5-3-2-4-6-7/h2-6H,1H3"	"RDOXTESZEPMUJZ-UHFFFAOYSA-N"	"COC1=CC=CC=C1"	108.14	0	1	1	55.4	9.2	108.058	108.058	2.1	0	8	0	0	0	0	0	NA	NA	NA	NA	NA	NA	NA	NA	NA	NA
"1,3-diphenylpropan-2-one"	188050.173655385	238488.07952	365650.400521898	0.0185469977112751	0.0219840480927151	0.0230827753378806	0.0555555555555556	0.0487804878048781	0.131578947368421	7593	"102-04-5"	"1,3-diphenylpropan-2-one"	11.2557	76	0.0232521098888889	9.87777777777778	FALSE	FALSE	10	10	0	0	280205.77923	280205.77923	11932.7717945391	11932.7717945391	144584.836155	144584.836155	0.078125	0.078125	0	0	0.00297771912357316	0.00297771912357316	Inf	0.00297771912357316	0.00297771912357316	Inf	TRUE	TRUE	0.0103817774848902	0.0109750219125982	0.00612086708734484	0.00629574900412612	TRUE	NA	NA	NA	NA	NA	NA	NA	"1,3-diphenylpropan-2-one"	"InChI=1S/C15H14O/c16-15(11-13-7-3-1-4-8-13)12-14-9-5-2-6-10-14/h1-10H,11-12H2"	"YFKBXYGUSOXJGS-UHFFFAOYSA-N"	"C1=CC=C(C=C1)CC(=O)CC2=CC=CC=C2"	210.276	0	1	4	188	17.1	210.104	210.104	NA	0	16	0	0	0	0	0	NA	173.6	NA	3.1	NA	NA	NA	NA	NA	NA
"N-phenylformamide"	1055774.00972452	418976.44206	NA	0.116345025951926	0.0156264177177571	NA	0.138888888888889	0.024390243902439	0	7671	"103-70-8"	"N-phenylformamide"	11.5163	86	1.37658572218182	14.4545454545455	FALSE	FALSE	10	10	0	0	1097015.73998	1097015.73998	34535.1466437266	34535.1466437266	386240.9615625	386240.9615625	0.078125	0.078125	0	0	0.00325183985010956	0.00325183985010956	Inf	0.00325183985010956	0.00325183985010956	Inf	TRUE	TRUE	0.0108280696523669	0.0110921689121808	0.0063629496085378	0.0063629496085378	TRUE	NA	NA	NA	NA	NA	NA	NA	"~{N}-phenylformamide"	"InChI=1S/C7H7NO/c9-6-8-7-4-2-1-3-5-7/h1-6H,(H,8,9)"	"DYDNPESBYVVLBO-UHFFFAOYSA-N"	"C1=CC=C(C=C1)NC=O"	121.139	1	1	1	86.9	29.1	121.053	121.053	1.2	0	9	0	0	0	0	0	NA	NA	NA	NA	NA	NA	NA	NA	NA	NA
"octan-3-one"	1421823.43760026	3443025.15066608	1699760.46779253	0.819562687390944	1.52321954481407	0.703958834953159	0.972222222222222	1	0.894736842105263	246728	"106-68-3"	"octan-3-one"	7.46475	92	0.079491852547651	11.2474720357942	FALSE	FALSE	120	120	1	1	18403108.48542	18403108.48542	1070395.33379535	1070395.33379535	465391.56271	465391.56271	0.9375	0.9375	0.0625	0.0256410256410256	8.22929970465938e-09	8.28703709204193e-09	1115.33936098044	8.22929970465938e-09	8.28703709204193e-09	1115.33936098044	TRUE	TRUE	1.51654237414437e-07	1.52718254981916e-07	8.69954540206849e-08	8.76058206873004e-08	TRUE	"3-octanone"	"Aliphatics"	"C8"	"Ketones"	15	7	7	"octan-3-one"	"InChI=1S/C8H16O/c1-3-5-6-7-8(9)4-2/h3-7H2,1-2H3"	"RHLVCLIPMVJYKS-UHFFFAOYSA-N"	"CCCCCC(=O)CC"	128.215	0	1	5	76.6	17.1	128.12	128.12	NA	0	9	0	0	0	0	0	NA	NA	NA	2.3	NA	NA	NA	NA	NA	NA
"methyl hexanoate"	145541.836318467	39500.241532	NA	0.0580747555472403	0.0162850135992902	NA	0.166666666666667	0.0731707317073171	0	7824	"106-70-7"	"methyl hexanoate"	6.2867	78	0.0219376089090909	53.8545454545455	FALSE	FALSE	11	11	0	0	198174.002496	198174.002496	5138.60575369062	5138.60575369062	33095.996648	33095.996648	0.0859375	0.0859375	0	0	0.00641166672802442	0.00641166672802442	Inf	0.00641166672802442	0.00641166672802442	Inf	TRUE	TRUE	0.0162177452532382	0.0172313543315656	0.00988465287237098	0.00988465287237098	TRUE	"methyl hexanoate"	"Aliphatics"	"C6"	"Esters"	14	7	7	"methyl hexanoate"	"InChI=1S/C7H14O2/c1-3-4-5-6-7(8)9-2/h3-6H2,1-2H3"	"NUKZAGXMHTUAFE-UHFFFAOYSA-N"	"CCCCCC(=O)OC"	130.187	0	2	5	79	26.3	130.099	130.099	2.5	0	9	0	0	0	0	0	NA	NA	NA	NA	NA	NA	NA	NA	NA	NA
"but-2-ene-1,4-diol"	94011.682577	144955.505720453	180743.799428528	0.0391701848106692	0.100878869942094	0.0655077826256368	0.0833333333333333	0.219512195121951	0.0526315789473684	8065	"110-64-5"	"but-2-ene-1,4-diol"	7.22535	81	2.01512011802198	42.3791208791209	FALSE	FALSE	14	14	0	0	224369.997522	224369.997522	7717.04529275	7717.04529275	50062.5147135	50062.5147135	0.109375	0.109375	0	0	0.00198695019260045	0.00198695019260045	Inf	0.00198695019260045	0.00198695019260045	Inf	TRUE	TRUE	0.00753872278957229	0.008268276607918	0.00445558528037676	0.00474304239523978	TRUE	NA	NA	NA	NA	NA	NA	NA	"but-2-ene-1,4-diol"	"InChI=1S/C4H8O2/c5-3-1-2-4-6/h1-2,5-6H,3-4H2"	"ORTVZLZNOYNASJ-UHFFFAOYSA-N"	"C(C=CCO)O"	88.106	2	2	2	34.8	40.5	88.052	88.052	-0.8	0	6	0	0	0	1	0	NA	NA	NA	NA	NA	NA	NA	NA	NA	NA
"octan-2-one"	76758.1219156	256209.575225	181165.23063854	0.0509786774745525	0.0303474490210487	0.0373112422604633	0.0555555555555556	0.024390243902439	0.210526315789474	8093	"111-13-7"	"octan-2-one"	7.6426	84	0.00471852568181817	62	FALSE	FALSE	11	11	0	0	315023.36538	315023.36538	6878.10285192656	6878.10285192656	51301.624034	51301.624034	0.0859375	0.0859375	0	0	0.00939991803700686	0.00939991803700686	Inf	0.00939991803700686	0.00939991803700686	Inf	TRUE	TRUE	0.022455359755072	0.0233190274379593	0.0136390967595786	0.0136390967595786	TRUE	"2-octanone"	"Aliphatics"	"C8"	"Ketones"	4	3	3	"octan-2-one"	"InChI=1S/C8H16O/c1-3-4-5-6-7-8(2)9/h3-7H2,1-2H3"	"ZPVFWPFBNIEHGJ-UHFFFAOYSA-N"	"CCCCCCC(=O)C"	128.215	0	1	5	76.6	17.1	128.12	128.12	2.4	0	9	0	0	0	0	0	NA	NA	NA	NA	NA	NA	NA	NA	NA	NA
"hexan-1-ol"	1383700.03812	1761484.619816	538449.276210236	0.434103351310605	0.605077046632782	0.176165844701706	0.0277777777777778	0.121951219512195	0.131578947368421	8103	"111-27-3"	"hexan-1-ol"	5.2787	87	0.0447877693589744	24.3333333333333	FALSE	FALSE	12	12	0	0	3032676.38178	3032676.38178	60559.8646180781	60559.8646180781	366993.42156	366993.42156	0.09375	0.09375	0	0	0.0138435475111589	0.0138435475111589	Inf	0.0138435475111589	0.0138435475111589	Inf	TRUE	TRUE	0.0292756988350738	0.0302680954057543	0.0176624571694097	0.0176624571694097	TRUE	"hexanol"	"Aliphatics"	"C6"	"Alcohols"	110	33	19	"hexan-1-ol"	"InChI=1S/C6H14O/c1-2-3-4-5-6-7/h7H,2-6H2,1H3"	"ZSIAUFGUXNUGDI-UHFFFAOYSA-N"	"CCCCCCO"	102.177	1	1	4	27.4	20.2	102.104	102.104	2	0	7	0	0	0	0	0	NA	NA	NA	NA	NA	NA	NA	NA	NA	NA
"4-oxoisophorone"	35569.7389854	226159.285930806	1190971.06787855	0.00325959628790863	0.0331802934400153	0.129660206646185	0.0277777777777778	0.609756097560976	1	62374	"1125-21-9"	"4-oxoisophorone"	10.2012	90	0.0869824146049383	49.7401234567901	FALSE	FALSE	67	67	0	0	2726043.92256	2726043.92256	207271.085272914	207271.085272914	200087.8614	200087.8614	0.5234375	0.5234375	0	0	4.35889313665898e-07	4.35889313665898e-07	Inf	4.35889313665898e-07	4.35889313665898e-07	Inf	TRUE	TRUE	5.11179286026371e-06	5.62297214629008e-06	2.93234629193422e-06	3.22558092112764e-06	TRUE	"4-oxoisophorone"	"Irregular terpenes"	"Apocarotenoid"	"Ketones"	14	8	6	"2,6,6-trimethylcyclohex-2-ene-1,4-dione"	"InChI=1S/C9H12O2/c1-6-4-7(10)5-9(2,3)8(6)11/h4H,5H2,1-3H3"	"AYJXHIDNNLJQDT-UHFFFAOYSA-N"	"CC1=CC(=O)CC(C1=O)(C)C"	152.193	0	2	0	246	34.1	152.084	152.084	NA	0	11	0	0	0	0	0	NA	NA	NA	1	NA	NA	NA	NA	NA	NA
"2-methylbutanoic acid"	211055.122272	1273082.02030469	100150.974279245	0.0814242826332322	0.717947969283569	0.0726587807072854	0.0555555555555556	0.121951219512195	0.0263157894736842	8314	"116-53-0"	"2-methylbutanoic acid"	5.1015	83	0.00344997897435897	48.1410256410256	FALSE	FALSE	8	8	0	0	1514485.95254	1514485.95254	27132.38925175	27132.38925175	105527.561136	105527.561136	0.0625	0.0625	0	0	0.036376538503316	0.036376538503316	Inf	0.036376538503316	0.036376538503316	Inf	TRUE	TRUE	0.0634131549584833	0.0670367638132538	0.0401770723767968	0.0407858158976573	TRUE	"2-methylbutanoic acid"	"C5-branched chain compounds"	"Saturated"	"Acids"	3	1	1	"2-methylbutanoic acid"	"InChI=1S/C5H10O2/c1-3-4(2)5(6)7/h4H,3H2,1-2H3,(H,6,7)"	"WLAMNBDJUVNPJU-UHFFFAOYSA-N"	"CCC(C)C(=O)O"	102.133	1	2	2	68.5	37.3	102.068	102.068	1.2	0	7	0	1	0	0	0	NA	NA	NA	NA	NA	NA	NA	NA	NA	NA
"indole"	1904994.51964236	662626.402404109	241121.9979973	0.17569537223138	0.0728025728878387	0.0182662771880322	0.694444444444444	0.634146341463415	0.131578947368421	798	"120-72-9"	"indole"	12.55775	92	0.0252456288594739	24.7032967032967	FALSE	FALSE	64	64	2	4	4622731.7703	4622731.7703	314752.129401173	314752.129401173	202650.205895	202650.205895	0.5	0.5	0.125	0.102564102564103	3.90241966164134e-05	4.36120473572009e-06	9.40826155298836	3.90241966164134e-05	4.36120473572009e-06	9.40826155298836	TRUE	TRUE	0.000292185491231907	4.6882950908991e-05	0.000167610281791947	2.68940958702739e-05	TRUE	"indole"	"N-compounds"	"Cyclic"	"Indole"	127	31	22	"1~{H}-indole"	"InChI=1S/C8H7N/c1-2-4-8-7(3-1)5-6-9-8/h1-6,9H"	"SIKJAQJRHWYJAI-UHFFFAOYSA-N"	"C1=CC=C2C(=C1)C=CN2"	117.151	1	0	0	101	15.8	117.058	117.058	2.1	0	9	0	0	0	0	0	NA	NA	NA	NA	NA	NA	NA	NA	NA	NA
"cyclopentanone"	184418.819574667	29885.9714166	59650.0935571429	0.173269336822674	0.0115637589962441	0.00706541967347028	0.0833333333333333	0.024390243902439	0.0263157894736842	8452	"120-92-3"	"cyclopentanone"	3.9064	92	34.456135812381	220.571428571429	FALSE	FALSE	5	5	0	0	135879.99974	135879.99974	2533.71543050234	2533.71543050234	32877.429512	32877.429512	0.0390625	0.0390625	0	0	0.0387130635675329	0.0387130635675329	Inf	0.0387130635675329	0.0387130635675329	Inf	TRUE	TRUE	0.0654272240027516	0.0680443129628617	0.0421289221176093	0.0427577119999617	TRUE	NA	NA	NA	NA	NA	NA	NA	"cyclopentanone"	"InChI=1S/C5H8O/c6-5-3-1-2-4-5/h1-4H2"	"BGTOWKSIORTVQH-UHFFFAOYSA-N"	"C1CCC(=O)C1"	84.118	0	1	0	58.3	17.1	84.058	84.058	0.4	0	6	0	0	0	0	0	NA	NA	NA	NA	NA	NA	NA	NA	NA	NA
"2-phenylacetaldehyde"	113723.554683406	131312.610966555	4265936.2434324	0.0125377092571233	0.0104135138267389	0.297906856340907	0.583333333333333	0.634146341463415	0.947368421052632	998	"122-78-1"	"2-phenylacetaldehyde"	8.5033	92	0.114500121974078	40.5856715567583	FALSE	FALSE	92	92	6	3	31402061.65854	31402061.65854	635020.557119447	635020.557119447	109029.252772	109029.252772	0.71875	0.71875	0.375	0.0769230769230769	0.0112673121788069	0.00884477638361981	20.4211383128717	0.0112673121788069	0.00884477638361981	20.4211383128717	TRUE	TRUE	0.0250600563976912	0.0227660753969774	0.0151596563860311	0.0133208013253012	TRUE	"phenylacetaldehyde"	"Benzenoids"	"C6-C2"	"Aldehydes"	74	29	18	"2-phenylacetaldehyde"	"InChI=1S/C8H8O/c9-7-6-8-4-2-1-3-5-8/h1-5,7H,6H2"	"DTUQWGWMVIHBKE-UHFFFAOYSA-N"	"C1=CC=C(C=C1)CC=O"	120.151	0	1	2	82.6	17.1	120.058	120.058	1.8	0	9	0	0	0	0	0	NA	NA	NA	NA	NA	NA	NA	NA	NA	NA
"β-mercene"	125784.366677231	NA	209413.06234652	0.0358625577773822	NA	0.018228714527438	0.0555555555555556	0	0.473684210526316	31253	"123-35-3"	"β-mercene"	7.5137	84	0.0685149632857142	76.5333333333333	FALSE	FALSE	20	20	0	0	356709.773634	356709.773634	16277.6755161484	16277.6755161484	76719.719466	76719.719466	0.15625	0.15625	0	0	0.000113967353613825	0.000113967353613825	Inf	0.000113967353613825	0.000113967353613825	Inf	TRUE	TRUE	0.00063920820070363	0.000668263118917431	0.000383344734882867	0.000383344734882867	TRUE	"myrcene"	"Monoterpenes"	"Acyclic"	"Hydrocarbons"	311	63	32	"7-methyl-3-methylideneocta-1,6-diene"	"InChI=1S/C10H16/c1-5-10(4)8-6-7-9(2)3/h5,7H,1,4,6,8H2,2-3H3"	"UAHWPYUMFXYFJY-UHFFFAOYSA-N"	"CC(=CCCC(=C)C=C)C"	136.238	0	0	4	145	0	136.125	136.125	NA	0	10	0	0	0	0	0	NA	NA	NA	4.3	NA	NA	NA	NA	NA	NA
"ethyl hexanoate"	118096.778822	164685.3950334	63241.3895384615	0.105450248996332	0.0662954490814177	0.0149816012407289	0.0277777777777778	0.0975609756097561	0.0263157894736842	31265	"123-66-0"	"ethyl hexanoate"	7.7301	82.5	0.00447042566666666	86.2666666666667	FALSE	FALSE	6	6	0	0	241558.56053	241558.56053	3291.44298467031	3291.44298467031	37860.7361225	37860.7361225	0.046875	0.046875	0	0	0.0505771838671624	0.0505771838671624	Inf	0.0505771838671624	0.0505771838671624	Inf	TRUE	TRUE	0.074818053037359	0.0781015246718393	0.0527142479742256	0.0534673086595716	TRUE	"ethyl hexanoate"	"Aliphatics"	"C6"	"Esters"	12	4	3	"ethyl hexanoate"	"InChI=1S/C8H16O2/c1-3-5-6-7-8(9)10-4-2/h3-7H2,1-2H3"	"SHZIWNPUGXLXDT-UHFFFAOYSA-N"	"CCCCCC(=O)OCC"	144.214	0	2	6	89.3	26.3	144.115	144.115	NA	0	10	0	0	0	0	0	NA	NA	NA	2.4	NA	NA	NA	NA	NA	NA
"methyl furan-3-carboxylate"	97017.5631739614	22807.641428	NA	0.0586635935056799	0.0105899345911701	NA	0.388888888888889	0.024390243902439	0	14918	"13129-23-2"	"methyl furan-3-carboxylate"	6.2759	92	0.00238454595588236	13.4705882352941	FALSE	FALSE	17	17	0	0	250537.051936	250537.051936	5947.92063800781	5947.92063800781	27392.50272	27392.50272	0.1328125	0.1328125	0	0	0.00523223745144866	0.00523223745144866	Inf	0.00523223745144866	0.00523223745144866	Inf	TRUE	TRUE	0.0140616381507683	0.0149990806941528	0.0086041238090489	0.0086041238090489	TRUE	NA	NA	NA	NA	NA	NA	NA	"methyl furan-3-carboxylate"	"InChI=1S/C6H6O3/c1-8-6(7)5-2-3-9-4-5/h2-4H,1H3"	"ZKHQSQYLKSSYIP-UHFFFAOYSA-N"	"COC(=O)C1=COC=C1"	126.111	0	3	2	111	39.4	126.032	126.032	1.3	0	9	0	0	0	0	0	NA	934.4	NA	NA	NA	NA	NA	NA	NA	NA
"methyl 2-aminobenzoate"	1230095.36360517	860770.606249271	94817.6976753991	0.14248872682071	0.0661665463930357	0.0121191309249833	0.5	0.170731707317073	0.0526315789473684	8635	"134-20-3"	"methyl 2-aminobenzoate"	13.2516	94	0.198830881876877	36.2897897897898	FALSE	FALSE	32	32	1	3	1906216.235	1906216.235	131425.407628164	131425.407628164	374123.65103	374123.65103	0.25	0.25	0.0625	0.0769230769230769	1.69071100391232e-05	4.64075548307893e-05	30.7553049122655	1.69071100391232e-05	4.64075548307893e-05	30.7553049122655	TRUE	TRUE	0.000145401146336459	0.000299328728658591	8.34084095263409e-05	0.00017170795287392	TRUE	"methyl 2-aminobenzoate"	"Benzenoids"	"C6-C1"	"N-compounds"	51	19	14	"methyl 2-aminobenzoate"	"InChI=1S/C8H9NO2/c1-11-8(10)6-4-2-3-5-7(6)9/h2-5H,9H2,1H3"	"VAMXMNNIEUEQDV-UHFFFAOYSA-N"	"COC(=O)C1=CC=CC=C1N"	151.165	1	3	2	147	52.3	151.063	151.063	1.9	0	11	0	0	0	0	0	NA	NA	NA	NA	NA	NA	NA	NA	NA	NA
"methyl (Z)-hex-3-enoate"	624431.922598	118927.536944	NA	0.236237004812175	0.0703191434674151	NA	0.111111111111111	0.0487804878048781	0	5362819	"13894-62-7"	"methyl (Z)-hex-3-enoate"	6.42345	83	0.0540726337777778	86.2666666666667	FALSE	FALSE	8	8	0	0	948867.7978	948867.7978	21555.9605504687	21555.9605504687	261616.536102	261616.536102	0.0625	0.0625	0	0	0.0126288730434616	0.0126288730434616	Inf	0.0126288730434616	0.0126288730434616	Inf	TRUE	TRUE	0.027612281739094	0.029091511117974	0.0166881536645742	0.0169915746402938	TRUE	NA	NA	NA	NA	NA	NA	NA	"methyl (~{Z})-hex-3-enoate"	"InChI=1S/C7H12O2/c1-3-4-5-6-7(8)9-2/h4-5H,3,6H2,1-2H3/b5-4-"	"XEAIHUDTEINXFG-PLNGDYQASA-N"	"CCC=CCC(=O)OC"	128.171	0	2	4	106	26.3	128.084	128.084	NA	0	9	0	0	1	0	0	NA	933	NA	1.5	NA	NA	"CC/C=C\CC(=O)OC"	NA	NA	NA
"2-phenylacetonitrile"	NA	145792.319158119	352400.545657191	NA	0.012796405790532	0.027117586098275	0	0.146341463414634	0.105263157894737	8794	"140-29-4"	"2-phenylacetonitrile"	10.08235	90.5	0.000468088888888888	12.7666666666667	FALSE	FALSE	10	10	0	0	467765.39289	467765.39289	9083.85329039531	9083.85329039531	80642.767335	80642.767335	0.078125	0.078125	0	0	0.0135691204258429	0.0135691204258429	Inf	0.0135691204258429	0.0135691204258429	Inf	TRUE	TRUE	0.0291736089155623	0.0301940986251798	0.0176160510791645	0.0176245167005674	TRUE	"2-phenylacetonitrile"	"Benzenoids"	"C6-C2"	"N-compounds"	60	18	13	"2-phenylacetonitrile"	"InChI=1S/C8H7N/c9-7-6-8-4-2-1-3-5-8/h1-5H,6H2"	"SUSQOBVLVYHIEX-UHFFFAOYSA-N"	"C1=CC=C(C=C1)CC#N"	117.151	0	1	1	114	23.8	117.058	117.058	1.6	0	9	0	0	0	0	0	NA	NA	NA	NA	NA	NA	NA	NA	NA	NA
"4-hydroxy-2,6,6-trimethyl-3-oxocyclohexene-1-carbaldehyde"	378942.503688	172167.879905543	363267.747121268	0.0376199802055752	0.0153565441223516	0.0423643285911108	0.0277777777777778	0.121951219512195	0.736842105263158	15715949	"141891-14-7"	"4-hydroxy-2,6,6-trimethyl-3-oxocyclohexene-1-carbaldehyde"	13.327	81	0.0304599537651822	109.255060728745	FALSE	FALSE	35	35	1	0	809028.19525	809028.19525	45109.3843778625	45109.3843778625	108255.29654	108255.29654	0.2734375	0.2734375	0.0625	0	5.79376623331127e-05	4.31477428622462e-05	58.0636868648182	5.79376623331127e-05	4.31477428622462e-05	58.0636868648182	TRUE	TRUE	0.000360750472286691	0.000292950464696303	0.000206942131389265	0.000168049103779275	TRUE	NA	NA	NA	NA	NA	NA	NA	"4-hydroxy-2,6,6-trimethyl-3-oxocyclohexene-1-carbaldehyde"	"InChI=1S/C10H14O3/c1-6-7(5-11)10(2,3)4-8(12)9(6)13/h5,8,12H,4H2,1-3H3"	"PNYLZZYIHSNTOD-UHFFFAOYSA-N"	"CC1=C(C(CC(C1=O)O)(C)C)C=O"	182.219	1	3	1	287	54.4	182.094	182.094	NA	0	13	0	1	0	0	0	NA	NA	NA	0.8	NA	NA	NA	NA	NA	NA
"rosefuran"	285751.739933051	258570.083133385	332273.295473077	0.0542444849109153	0.0299790422980247	0.0164934187599476	0.0833333333333333	0.0975609756097561	0.0263157894736842	84825	"15186-51-3"	"rosefuran"	9.3667	80	0.00326755027777782	42.0277777777778	FALSE	FALSE	8	8	0	0	225123.605189	225123.605189	8819.23749788281	8819.23749788281	142168.322453	142168.322453	0.0625	0.0625	0	0	0.00404300967490815	0.00404300967490815	Inf	0.00404300967490815	0.00404300967490815	Inf	TRUE	TRUE	0.0119441179032729	0.012417815430075	0.0071233979986477	0.0071233979986477	TRUE	NA	NA	NA	NA	NA	NA	NA	"3-methyl-2-(3-methylbut-2-enyl)furan"	"InChI=1S/C10H14O/c1-8(2)4-5-10-9(3)6-7-11-10/h4,6-7H,5H2,1-3H3"	"UTSGPHXOHJSDBC-UHFFFAOYSA-N"	"CC1=C(OC=C1)CC=C(C)C"	150.221	0	1	2	145	13.1	150.104	150.104	NA	0	11	0	0	0	0	0	NA	NA	NA	3.3	NA	NA	NA	NA	NA	NA
"(Z)-pent-2-en-1-ol"	52716.4239341306	140399.3588754	NA	0.0245536971532436	0.0427159722404339	NA	0.138888888888889	0.0487804878048781	0	5364919	"1576-95-0"	"(Z)-pent-2-en-1-ol"	3.6596	78.5	8.46855021433333	91.6555555555556	FALSE	FALSE	10	10	0	0	197162.284215	197162.284215	5261.26624527734	5261.26624527734	34228.2651822	34228.2651822	0.078125	0.078125	0	0	0.0100194530105805	0.0100194530105805	Inf	0.0100194530105805	0.0100194530105805	Inf	TRUE	TRUE	0.0235001716066342	0.0243869705351864	0.0142584523612107	0.0142584523612107	TRUE	NA	NA	NA	NA	NA	NA	NA	"(~{Z})-pent-2-en-1-ol"	"InChI=1S/C5H10O/c1-2-3-4-5-6/h3-4,6H,2,5H2,1H3/b4-3-"	"BTSIZIIPFNVMHF-ARJAWSKDSA-N"	"CCC=CCO"	86.134	1	1	2	39.2	20.2	86.073	86.073	NA	0	6	0	0	1	0	0	NA	NA	NA	0.9	NA	NA	"CC/C=C\CO"	NA	NA	NA
"pent-1-en-3-one"	1422721.913	NA	2992878.73882	0.713029863454206	NA	0.949336933955799	0.0555555555555556	0	0.0789473684210526	15394	"1629-58-9"	"pent-1-en-3-one"	3.2782	78	0.029732732	1.3	FALSE	FALSE	5	5	0	0	2393319.25476	2393319.25476	46187.8126658594	46187.8126658594	791820.15696	791820.15696	0.0390625	0.0390625	0	0	0.0300460128759599	0.0300460128759599	Inf	0.0300460128759599	0.0300460128759599	Inf	TRUE	TRUE	0.0545906431126596	0.0578497859850572	0.0342062300434005	0.0347407023878287	TRUE	NA	NA	NA	NA	NA	NA	NA	"pent-1-en-3-one"	"InChI=1S/C5H8O/c1-3-5(6)4-2/h3H,1,4H2,2H3"	"JLIDVCMBCGBIEY-UHFFFAOYSA-N"	"CCC(=O)C=C"	84.118	0	1	2	64.3	17.1	84.058	84.058	NA	0	6	0	0	0	0	0	NA	NA	NA	1	NA	NA	NA	NA	NA	NA
"3,7-dimethylundecane"	89092.0317028974	245244.801202174	40810.1135128571	0.0476594787921485	0.0946351588131488	0.00483386633105739	0.0833333333333333	0.121951219512195	0.0263157894736842	519387	"17301-29-0"	"3,7-dimethylundecane"	13.0075	83	6.1492072	52.25	FALSE	FALSE	9	9	0	0	294089.17436	294089.17436	6156.30682429219	6156.30682429219	35611.394289	35611.394289	0.0703125	0.0703125	0	0	0.0165300381738226	0.0165300381738226	Inf	0.0165300381738226	0.0165300381738226	Inf	TRUE	TRUE	0.0343931439423083	0.0355395820737185	0.0207325902519131	0.0207325902519131	TRUE	NA	NA	NA	NA	NA	NA	NA	"3,7-dimethylundecane"	"InChI=1S/C13H28/c1-5-7-9-13(4)11-8-10-12(3)6-2/h12-13H,5-11H2,1-4H3"	"QQWXDSCYXKZATG-UHFFFAOYSA-N"	"CCCCC(C)CCCC(C)CC"	184.367	0	0	8	96.2	0	184.219	184.219	NA	0	13	0	2	0	0	0	NA	NA	NA	6.7	NA	NA	NA	NA	NA	NA
"5,7-dimethylundecane"	210348.117819161	232958.541102717	259959.473136923	0.132522492574618	0.0718625261173246	0.0794456881580436	0.194444444444444	0.0731707317073171	0.105263157894737	519405	"17312-83-3"	"5,7-dimethylundecane"	12.3493	85	16.4409326483987	14.1470588235294	FALSE	FALSE	14	14	0	1	270474.20209	270474.20209	12709.4556842422	12709.4556842422	92102.373967	92102.373967	0.109375	0.109375	0	0.0256410256410256	0.000613518685244217	0.0230498869085858	Inf	0.000613518685244217	0.0230498869085858	Inf	TRUE	TRUE	0.00247324719989075	0.045745160172424	0.00146452847445394	0.027074470337069	TRUE	NA	NA	NA	NA	NA	NA	NA	"5,7-dimethylundecane"	"InChI=1S/C13H28/c1-5-7-9-12(3)11-13(4)10-8-6-2/h12-13H,5-11H2,1-4H3"	"AMMTZOCUKBWLJL-UHFFFAOYSA-N"	"CCCCC(C)CC(C)CCCC"	184.367	0	0	8	84.2	0	184.219	184.219	NA	0	13	0	2	0	0	0	NA	NA	NA	6.7	NA	NA	NA	NA	NA	NA
"hept-2-enal"	159967.115015	105477.645977306	206513.207693748	0.092157149253852	0.0372875685503358	0.0804340675092759	0.0555555555555556	0.121951219512195	0.394736842105263	5283316	"18829-55-5"	"hept-2-enal"	6.9183	83	0.0205013992885375	68.6916996047431	FALSE	FALSE	23	23	0	0	274775.394314	274775.394314	17289.4150889062	17289.4150889062	83344.764384	83344.764384	0.1796875	0.1796875	0	0	1.25866145605888e-05	1.25866145605888e-05	Inf	1.25866145605888e-05	1.25866145605888e-05	Inf	TRUE	TRUE	0.000115976662736854	0.000115976662736854	6.65292483916839e-05	6.65292483916839e-05	TRUE	NA	NA	NA	NA	NA	NA	NA	"(~{E})-hept-2-enal"	"InChI=1S/C7H12O/c1-2-3-4-5-6-7-8/h5-7H,2-4H2,1H3/b6-5+"	"NDFKTBCGKNOHPJ-AATRIKPKSA-N"	"CCCCC=CC=O"	112.172	0	1	4	74.5	17.1	112.089	112.089	NA	0	8	0	0	1	0	0	NA	NA	NA	2.1	NA	NA	"CCCC/C=C/C=O"	NA	NA	NA
"2,3,5,8-tetramethyldecane"	409056.39044	313746.186348498	NA	0.163733706671057	0.0925914879815658	NA	0.0277777777777778	0.0731707317073171	0	545611	"192823-15-7"	"2,3,5,8-tetramethyldecane"	12.3822	81.5	1.722968852	135.2	FALSE	FALSE	5	5	0	0	312758.94508	312758.94508	7748.220782625	7748.220782625	204528.19522	204528.19522	0.0390625	0.0390625	0	0	0.0195453822545749	0.0195453822545749	Inf	0.0195453822545749	0.0195453822545749	Inf	TRUE	TRUE	0.0376321538931367	0.0400214969974628	0.0229580680450562	0.0233283594651377	TRUE	NA	NA	NA	NA	NA	NA	NA	"2,3,5,8-tetramethyldecane"	"InChI=1S/C14H30/c1-7-12(4)8-9-13(5)10-14(6)11(2)3/h11-14H,7-10H2,1-6H3"	"XTIADNINQBIUNR-UHFFFAOYSA-N"	"CCC(C)CCC(C)CC(C)C(C)C"	198.394	0	0	7	126	0	198.235	198.235	6.6	0	14	0	3	0	0	0	NA	1318	NA	NA	NA	NA	NA	NA	NA	NA
"(3E)-4,8-dimethylnona-1,3,7-triene"	1061719.52512843	392213.549146337	710521.45728	0.2173785181599	0.0550691037146532	0.0461702527112202	0.555555555555556	0.121951219512195	0.0263157894736842	6427110	"19945-61-0"	"(3E)-4,8-dimethylnona-1,3,7-triene"	9.7119	82	0.0372461171659919	57.7165991902834	FALSE	FALSE	29	29	1	0	1595955.689724	1595955.689724	101521.965002241	101521.965002241	284970.204	284970.204	0.2265625	0.2265625	0.0625	0	0.00042213860542347	3.88043699373032e-05	10.0965840640084	0.00042213860542347	3.88043699373032e-05	10.0965840640084	TRUE	TRUE	0.00194485286070099	0.000292950464696303	0.00115697247412358	0.000168049103779275	TRUE	"(e)-4,8-dimethyl-1,3,7-nonatriene"	"Irregular terpenes"	"C11"	"Hydrocarbons"	107	32	20	"(3~{E})-4,8-dimethylnona-1,3,7-triene"	"InChI=1S/C11H18/c1-5-7-11(4)9-6-8-10(2)3/h5,7-8H,1,6,9H2,2-4H3/b11-7+"	"LUKZREJJLWEWQM-YRNVUSSQSA-N"	"CC(=CCCC(=CC=C)C)C"	150.265	0	0	4	167	0	150.141	150.141	NA	0	11	0	0	1	0	0	NA	NA	NA	4.6	NA	NA	"CC(=CCC/C(=C/C=C)/C)C"	NA	NA	NA
"2,2,6-trimethylcyclohexane-1,4-dione"	NA	174873.681550355	521448.097375439	NA	0.0271555508302538	0.0653056175760584	0	0.0975609756097561	0.868421052631579	30181	"20547-99-3"	"2,2,6-trimethylcyclohexane-1,4-dione"	10.5928	87	0.0343608251097561	47.9756097560976	FALSE	FALSE	38	38	0	0	1072625.60082	1072625.60082	72945.3507273984	72945.3507273984	183553.4295455	183553.4295455	0.296875	0.296875	0	0	2.04530193723593e-06	2.04530193723593e-06	Inf	2.04530193723593e-06	2.04530193723593e-06	Inf	TRUE	TRUE	2.19869958252862e-05	2.3985813627585e-05	1.26126952796216e-05	1.37593039414053e-05	TRUE	"2,2,6-trimethyl-1,4-cyclohexanedione"	"Irregular terpenes"	"Apocarotenoid"	"Ketones"	4	3	3	"2,2,6-trimethylcyclohexane-1,4-dione"	"InChI=1S/C9H14O2/c1-6-4-7(10)5-9(2,3)8(6)11/h6H,4-5H2,1-3H3"	"HVHHZSFNAYSPSA-UHFFFAOYSA-N"	"CC1CC(=O)CC(C1=O)(C)C"	154.209	0	2	0	204	34.1	154.099	154.099	NA	0	11	0	1	0	0	0	NA	NA	NA	0.9	NA	NA	NA	NA	NA	NA
"4-methyloctane"	32931.173632	41738.7162508654	137161.675969324	0.0109217460508406	0.0133543257628181	0.0343005174706714	0.0277777777777778	0.0975609756097561	0.210526315789474	16665	"2216-34-4"	"4-methyloctane"	5.8859	84	9.32728010686813	22.7967032967033	FALSE	FALSE	13	13	0	0	170838.615096	170838.615096	5175.55502610234	5175.55502610234	28334.991216	28334.991216	0.1015625	0.1015625	0	0	0.00279069928965247	0.00279069928965247	Inf	0.00279069928965247	0.00279069928965247	Inf	TRUE	TRUE	0.0100000057879213	0.0105882414225049	0.0059003356409795	0.00607387492453772	TRUE	NA	NA	NA	NA	NA	NA	NA	"4-methyloctane"	"InChI=1S/C9H20/c1-4-6-8-9(3)7-5-2/h9H,4-8H2,1-3H3"	"DOGIHOCMZJUJNR-UHFFFAOYSA-N"	"CCCCC(C)CCC"	128.259	0	0	5	48	0	128.157	128.157	NA	0	9	0	1	0	0	0	NA	NA	NA	4.8	NA	NA	NA	NA	NA	NA
"methyl (E)-hex-2-enoate"	182031.483230061	98937.992944	NA	0.0711695164003683	0.0210081905499447	NA	0.194444444444444	0.0487804878048781	0	5364409	"2396-77-2"	"methyl (E)-hex-2-enoate"	7.0968	83	0.0350378341818181	120.163636363636	FALSE	FALSE	10	10	0	0	187909.88172	187909.88172	6545.17135256641	6545.17135256641	78996.934158	78996.934158	0.078125	0.078125	0	0	0.00332132364713697	0.00332132364713697	Inf	0.00332132364713697	0.00332132364713697	Inf	TRUE	TRUE	0.0108280696523669	0.0110921689121808	0.0063629496085378	0.0063629496085378	TRUE	"methyl (e)-2-hexenoate"	"Aliphatics"	"C6"	"Esters"	2	1	1	"methyl (~{E})-hex-2-enoate"	"InChI=1S/C7H12O2/c1-3-4-5-6-7(8)9-2/h5-6H,3-4H2,1-2H3/b6-5+"	"GFUGBRNILVVWIE-AATRIKPKSA-N"	"CCCC=CC(=O)OC"	128.171	0	2	4	106	26.3	128.084	128.084	NA	0	9	0	0	1	0	0	NA	966	NA	1.9	NA	NA	"CCC/C=C/C(=O)OC"	NA	NA	NA
"propylcyclopropane"	679662.578932451	334391.306251844	277168.195246845	0.2841307521778	0.13184604411545	0.0720407428870788	0.25	0.24390243902439	0.289473684210526	17014	"2415-72-7"	"propylcyclopropane"	5.3136	89	0.830345685579832	34.1394957983193	FALSE	FALSE	33	33	0	0	807717.93344	807717.93344	54395.48151075	54395.48151075	142384.97304	142384.97304	0.2578125	0.2578125	0	0	5.60790539238848e-06	5.60790539238848e-06	Inf	5.60790539238848e-06	5.60790539238848e-06	Inf	TRUE	TRUE	5.56476765860088e-05	5.56476765860088e-05	3.19219230028267e-05	3.19219230028267e-05	TRUE	NA	NA	NA	NA	NA	NA	NA	"propylcyclopropane"	"InChI=1S/C6H12/c1-2-3-6-4-5-6/h6H,2-5H2,1H3"	"MWVPQZRIWVPJCA-UHFFFAOYSA-N"	"CCCC1CC1"	84.162	0	0	2	35.3	0	84.094	84.094	NA	0	6	0	0	0	0	0	NA	NA	NA	3	NA	NA	NA	NA	NA	NA
"tridec-1-ene"	174442.427879731	223130.969725726	238784.143984982	0.0759330057683564	0.0879351159204875	0.108791969751195	0.0555555555555556	0.195121951219512	0.0526315789473684	17095	"2437-56-1"	"tridec-1-ene"	13.8474	90.5	0.262825551742424	4.63636363636364	FALSE	FALSE	12	12	0	0	177943.264506	177943.264506	10618.8665839141	10618.8665839141	113552.78634	113552.78634	0.09375	0.09375	0	0	0.000315267385659135	0.000315267385659135	Inf	0.000315267385659135	0.000315267385659135	Inf	TRUE	TRUE	0.00156421125961648	0.00162677971000114	0.000933191461551041	0.000933191461551041	TRUE	"1-tridecene"	"Aliphatics"	"C13"	"Alkenes"	5	4	4	"tridec-1-ene"	"InChI=1S/C13H26/c1-3-5-7-9-11-13-12-10-8-6-4-2/h3H,1,4-13H2,2H3"	"VQOXUMQBYILCKR-UHFFFAOYSA-N"	"CCCCCCCCCCCC=C"	182.351	0	0	10	94.2	0	182.203	182.203	7.3	0	13	0	0	0	0	0	NA	NA	NA	NA	NA	NA	NA	NA	NA	NA
"3,5,5-trimethylhex-2-ene"	622168.590872677	667919.772259958	138712.062428615	0.324373811463497	0.253966477641625	0.0534152104947563	0.472222222222222	0.51219512195122	0.0526315789473684	520267	"26456-76-8"	"3,5,5-trimethylhex-2-ene"	7.23525	79	0.0164762443710359	5.04598308668076	FALSE	FALSE	44	44	0	0	2821566.3793	2821566.3793	121764.722854828	121764.722854828	151475.211176	151475.211176	0.34375	0.34375	0	0	5.87268210699264e-05	5.87268210699264e-05	Inf	5.87268210699264e-05	5.87268210699264e-05	Inf	TRUE	TRUE	0.000360750472286691	0.000360750472286691	0.000206942131389265	0.000206942131389265	TRUE	NA	NA	NA	NA	NA	NA	NA	"3,5,5-trimethylhex-2-ene"	"InChI=1S/C9H18/c1-6-8(2)7-9(3,4)5/h6H,7H2,1-5H3"	"MXAFMRHRWMAVRM-UHFFFAOYSA-N"	"CC=C(C)CC(C)(C)C"	126.243	0	0	2	102	0	126.141	126.141	NA	0	9	0	0	0	1	0	NA	NA	NA	3.9	NA	NA	NA	NA	NA	NA
"unknown benzenoid"	4330055.53763995	1010953.81171266	336818.293113569	0.446887827632986	0.0886700136237536	0.0291732509856481	0.611111111111111	0.731707317073171	0.105263157894737	141396	"28115-85-7"	"unknown benzenoid"	11.21545	79	1.88136505054563	5.32118055555556	FALSE	FALSE	60	60	0	4	7258351.4388	7258351.4388	551285.141436812	551285.141436812	416235.32971	416235.32971	0.46875	0.46875	0	0.102564102564103	4.30051536818197e-07	0.000572199876451743	Inf	4.30051536818197e-07	0.000572199876451743	Inf	TRUE	TRUE	5.11179286026371e-06	0.00246045946874249	2.93234629193422e-06	0.0014114263619143	TRUE	NA	NA	NA	NA	NA	NA	NA	"2-methylbenzoyl isothiocyanate"	"InChI=1S/C9H7NOS/c1-7-4-2-3-5-8(7)9(11)10-6-12/h2-5H,1H3"	"RBNGRYSMNUHYCW-UHFFFAOYSA-N"	"CC1=CC=CC=C1C(=O)N=C=S"	177.221	0	2	1	221	61.5	177.025	177.025	4.2	0	12	0	0	0	0	0	NA	NA	NA	NA	NA	NA	NA	NA	NA	NA
"3,5-dihydroxy-6-methyl-2,3-dihydropyran-4-one"	916952.113863009	278196.281363772	1257990.07981402	0.111903267996489	0.0259924552096309	0.154392873656575	0.194444444444444	0.0731707317073171	0.157894736842105	119838	"28564-83-2"	"3,5-dihydroxy-6-methyl-2,3-dihydropyran-4-one"	10.2745	87	0.0536992016190476	93.4571428571429	FALSE	FALSE	17	17	2	1	1837912.6183	1837912.6183	64291.2768648984	64291.2768648984	315843.64767	315843.64767	0.1328125	0.1328125	0.125	0.0256410256410256	0.0194925382147768	0.00266269028816923	5.26324517957149	0.0194925382147768	0.00266269028816923	5.26324517957149	TRUE	TRUE	0.0376321538931367	0.010408698399207	0.0229580680450562	0.00597088125225828	TRUE	NA	NA	NA	NA	NA	NA	NA	"3,5-dihydroxy-6-methyl-2,3-dihydropyran-4-one"	"InChI=1S/C6H8O4/c1-3-5(8)6(9)4(7)2-10-3/h4,7-8H,2H2,1H3"	"VOLMSPGWNYJHQQ-UHFFFAOYSA-N"	"CC1=C(C(=O)C(CO1)O)O"	144.126	2	4	0	194	66.8	144.042	144.042	NA	0	10	0	1	0	0	0	NA	NA	NA	-0.4	NA	NA	NA	NA	NA	NA
"hept-1-en-3-one"	NA	209311.308296	204841.48565961	NA	0.0646267331058225	0.0500351694410755	0	0.0487804878048781	0.157894736842105	520420	"2918-13-0"	"hept-1-en-3-one"	7.27445	76.5	0.00227604544444445	46.9	FALSE	FALSE	10	10	0	0	368008.37	368008.37	10608.4305954219	10608.4305954219	91487.292498	91487.292498	0.078125	0.078125	0	0	0.00492465520276106	0.00492465520276106	Inf	0.00492465520276106	0.00492465520276106	Inf	TRUE	TRUE	0.0135166068331101	0.0144381936626404	0.00828237465918905	0.00828237465918905	TRUE	NA	NA	NA	NA	NA	NA	NA	"hept-1-en-3-one"	"InChI=1S/C7H12O/c1-3-5-6-7(8)4-2/h4H,2-3,5-6H2,1H3"	"OYLCUJRJCUXQBQ-UHFFFAOYSA-N"	"CCCCC(=O)C=C"	112.172	0	1	4	84.4	17.1	112.089	112.089	NA	0	8	0	0	0	0	0	856	NA	NA	1.9	NA	NA	NA	NA	NA	NA
"cyclopentane-1,2-dione"	4101812.19436005	1840644.9476613	2370673.90450444	2.10478714731561	0.781350424355849	0.900564453485429	0.194444444444444	0.146341463414634	0.210526315789474	566657	"3008-40-0"	"cyclopentane-1,2-dione"	6.3598	91.5	0.0465888760688405	27.1884057971014	FALSE	FALSE	22	22	1	1	5367373.1484	5367373.1484	243251.0109385	243251.0109385	788439.16766	788439.16766	0.171875	0.171875	0.0625	0.0256410256410256	0.00669915274995427	0.00239783912863473	6.45822500294529	0.00669915274995427	0.00239783912863473	6.45822500294529	TRUE	TRUE	0.0166190520143096	0.00966628898730874	0.0101170878264615	0.0055450029849678	TRUE	NA	NA	NA	NA	NA	NA	NA	"cyclopentane-1,2-dione"	"InChI=1S/C5H6O2/c6-4-2-1-3-5(4)7/h1-3H2"	"CIISBNCSMVCNIP-UHFFFAOYSA-N"	"C1CC(=O)C(=O)C1"	98.101	0	2	0	101	34.1	98.037	98.037	-0.4	0	7	0	0	0	0	0	NA	NA	1741.6	NA	NA	NA	NA	NA	NA	NA
"[(Z)-hex-3-enyl] hexanoate"	287080.260705789	213718.9124976	NA	0.1272332837533	0.0793540599349951	NA	0.277777777777778	0.121951219512195	0	5352543	"31501-11-8"	"[(Z)-hex-3-enyl] hexanoate"	13.6738	90	0.0167166584558824	29.0073529411765	FALSE	FALSE	17	17	0	0	424220.79358	424220.79358	18047.7801455078	18047.7801455078	112007.328972	112007.328972	0.1328125	0.1328125	0	0	0.000477454811685937	0.000477454811685937	Inf	0.000477454811685937	0.000477454811685937	Inf	TRUE	TRUE	0.00205305569024953	0.00219970252526735	0.00121833296775032	0.00126184485945569	TRUE	"(z)-3-hexenyl hexanoate"	"Aliphatics"	"C6"	"Esters"	3	3	3	"[(~{Z})-hex-3-enyl] hexanoate"	"InChI=1S/C12H22O2/c1-3-5-7-9-11-14-12(13)10-8-6-4-2/h5,7H,3-4,6,8-11H2,1-2H3/b7-5-"	"RGACQXBDYBCJCY-ALCCZGGFSA-N"	"CCCCCC(=O)OCCC=CCC"	198.306	0	2	9	162	26.3	198.162	198.162	NA	0	14	0	0	1	0	0	NA	NA	NA	3.8	NA	NA	"CCCCCC(=O)OCC/C=C\CC"	NA	NA	NA
"[(Z)-hex-3-enyl] formate"	213799.8336305	NA	273331.976086284	0.107793332787621	NA	0.0727612395189486	0.111111111111111	0	0.0526315789473684	5365587	"33467-73-1"	"[(Z)-hex-3-enyl] formate"	5.0547	84	0.000347201428571428	50.2380952380952	FALSE	FALSE	7	7	0	0	229834.0116	229834.0116	6153.97173520312	6153.97173520312	87775.716132	87775.716132	0.0546875	0.0546875	0	0	0.0110327175357341	0.0110327175357341	Inf	0.0110327175357341	0.0110327175357341	Inf	TRUE	TRUE	0.0249687817913983	0.0258767374929037	0.0151189092156357	0.0151189092156357	TRUE	"(z)-3-hexenyl formate"	"Aliphatics"	"C1"	"Esters"	2	1	1	"[(~{Z})-hex-3-enyl] formate"	"InChI=1S/C7H12O2/c1-2-3-4-5-6-9-7-8/h3-4,7H,2,5-6H2,1H3/b4-3-"	"XJHQVZQZUGLZLS-ARJAWSKDSA-N"	"CCC=CCCOC=O"	128.171	0	2	5	86.9	26.3	128.084	128.084	NA	0	9	0	0	1	0	0	NA	920	NA	1.9	NA	NA	"CC/C=C\CCOC=O"	NA	NA	NA
"oct-1-en-3-ol"	5820884.12665358	18639275.2174012	10389736.0724602	3.0965326117976	8.09319773308911	4.09227854798334	1	1	1	18827	"3391-86-4"	"oct-1-en-3-ol"	7.445	92	0.117837784782897	27.4383354088834	FALSE	FALSE	128	128	2	0	77785916.2984	77785916.2984	5821460.75636439	5821460.75636439	2454048.52116	2454048.52116	1	1	0.125	0	1.83015264186596e-11	1.74717646375451e-11	824.280615070494	1.83015264186596e-11	1.74717646375451e-11	824.280615070494	TRUE	TRUE	1.18044845400355e-09	7.51285879414439e-10	6.77156477490406e-10	4.30970194392779e-10	TRUE	"1-octen-3-ol"	"Aliphatics"	"C8"	"Alcohols"	26	13	9	"oct-1-en-3-ol"	"InChI=1S/C8H16O/c1-3-5-6-7-8(9)4-2/h4,8-9H,2-3,5-7H2,1H3"	"VSMOENVRRABVKN-UHFFFAOYSA-N"	"CCCCCC(C=C)O"	128.215	1	1	5	69	20.2	128.12	128.12	NA	0	9	0	1	0	0	0	NA	NA	NA	2.6	NA	NA	NA	NA	NA	NA
"linalool oxide (pyranoid) ketone"	678666.976544867	25698561.574857	43702804.3879536	0.15773887361773	3.49540733500074	4.52751645313414	0.694444444444444	1	1	549336	"33933-72-1"	"linalool oxide (pyranoid) ketone"	9.7183	93	0.0351619133574097	28.635201328352	FALSE	FALSE	115	115	5	8	63134878.9581	63134878.9581	11363293.3084558	11363293.3084558	9196352.77652	9196352.77652	0.8984375	0.8984375	0.3125	0.205128205128205	3.0077143684147e-18	2.791061476201e-18	339.830092310934	3.0077143684147e-18	2.791061476201e-18	339.830092310934	TRUE	TRUE	3.87995153525496e-16	1.80023465214965e-16	2.22570863262688e-16	1.03269274619437e-16	TRUE	"2,2,6-trimethyl-6-ethenyl-4,5-dihydro-3-pyranone"	"Miscellaneous"	"Heterocyclic"	"Pyran"	8	3	3	"6-ethenyl-2,2,6-trimethyloxan-3-one"	"InChI=1S/C10H16O2/c1-5-10(4)7-6-8(11)9(2,3)12-10/h5H,1,6-7H2,2-4H3"	"ATQPZCOAQSYTPR-UHFFFAOYSA-N"	"CC1(C(=O)CCC(O1)(C)C=C)C"	168.236	0	2	1	218	26.3	168.115	168.115	NA	0	12	0	1	0	0	0	NA	NA	NA	1.4	NA	NA	NA	NA	NA	NA
"[(Z)-hex-3-enyl] acetate"	996038.850982076	4741947.388862	NA	0.416629237701578	1.58777690603579	NA	0.111111111111111	0.0487804878048781	0	5363388	"3681-71-8"	"[(Z)-hex-3-enyl] acetate"	7.77595	95	0.0513974600000001	7.26785714285714	FALSE	FALSE	8	8	0	0	4628180.8236	4628180.8236	60576.6498481406	60576.6498481406	432426.7494	432426.7494	0.0625	0.0625	0	0	0.0546197045164216	0.0546197045164216	Inf	0.0546197045164216	0.0546197045164216	Inf	TRUE	TRUE	0.0774279327760263	0.0800675213933908	0.0553679196467836	0.0561369185307667	TRUE	"(z)-3-hexenyl acetate"	"Aliphatics"	"C2"	"Esters"	121	37	19	"[(~{Z})-hex-3-enyl] acetate"	"InChI=1S/C8H14O2/c1-3-4-5-6-7-10-8(2)9/h4-5H,3,6-7H2,1-2H3/b5-4-"	"NPFVOOAXDOBMCE-PLNGDYQASA-N"	"CCC=CCCOC(=O)C"	142.198	0	2	5	116	26.3	142.099	142.099	NA	0	10	0	0	1	0	0	NA	NA	NA	1.9	NA	NA	"CC/C=C\CCOC(=O)C"	NA	NA	NA
"(E)-β-ocimene"	NA	NA	194825.924657174	NA	NA	0.0181069092881851	0	0	0.236842105263158	5281553	"3779-61-1"	"(E)-β-ocimene"	8.43405	85	0.0429714093333333	21.5111111111111	FALSE	FALSE	10	10	0	0	261703.452468	261703.452468	7854.66345489844	7854.66345489844	75626.872661	75626.872661	0.078125	0.078125	0	0	0.00345163073717125	0.00345163073717125	Inf	0.00345163073717125	0.00345163073717125	Inf	TRUE	TRUE	0.0108280696523669	0.0110921689121808	0.0063629496085378	0.0063629496085378	TRUE	"ocimene"	"Monoterpenes"	"Acyclic"	"Hydrocarbons"	38	12	9	"(3~{E})-3,7-dimethylocta-1,3,6-triene"	"InChI=1S/C10H16/c1-5-10(4)8-6-7-9(2)3/h5,7-8H,1,6H2,2-4H3/b10-8+"	"IHPKGUQCSIINRJ-CSKARUKUSA-N"	"CC(=CCC=C(C)C=C)C"	136.238	0	0	3	155	0	136.125	136.125	4.3	0	10	0	0	1	0	0	NA	NA	NA	NA	NA	NA	"CC(=CC/C=C(\C)/C=C)C"	NA	NA	NA
"linalool oxide (pyranoid)"	409439.818547589	4656475.23545492	39091172.804544	0.0413623225774342	0.568098975823879	4.05407846003144	0.194444444444444	0.951219512195122	1	6427788	"39028-58-5"	"linalool oxide (pyranoid)"	10.79625	93	0.0277444350511014	72.6354662603948	FALSE	FALSE	90	90	2	3	72900840.627	72900840.627	6884845.82876006	6884845.82876006	4101074.21792	4101074.21792	0.703125	0.703125	0.125	0.0769230769230769	9.86471481118106e-10	9.71192547333112e-10	830.433099690705	9.86471481118106e-10	9.71192547333112e-10	830.433099690705	TRUE	TRUE	2.12091368440393e-08	2.08806397676619e-08	1.21664816004566e-08	1.19780414171084e-08	TRUE	"(e)-linalool oxide (pyranoid)"	"Monoterpenes"	"Acyclic"	"Ethers"	21	13	9	"(3~{R},6~{S})-6-ethenyl-2,2,6-trimethyloxan-3-ol"	"InChI=1S/C10H18O2/c1-5-10(4)7-6-8(11)9(2,3)12-10/h5,8,11H,1,6-7H2,2-4H3/t8-,10-/m1/s1"	"BCTBAGTXFYWYMW-PSASIEDQSA-N"	"CC1(C(CCC(O1)(C)C=C)O)C"	170.252	1	2	1	186	29.5	170.131	170.131	NA	0	12	2	0	0	0	0	NA	NA	NA	1.4	NA	NA	"C[C@]1(CC[C@H](C(O1)(C)C)O)C=C"	NA	NA	NA
"(3E,5E)-octa-1,3,5-triene"	158446.783869057	333190.934516982	NA	0.0629579572153711	0.128746912195147	NA	0.166666666666667	0.0731707317073171	0	5367474	"40087-61-4"	"(3E,5E)-octa-1,3,5-triene"	5.41675	90	0.0188655138888889	12.2222222222222	FALSE	FALSE	10	10	0	0	304708.34525	304708.34525	10214.9359516094	10214.9359516094	104353.965545	104353.965545	0.078125	0.078125	0	0	0.00352541802635202	0.00352541802635202	Inf	0.00352541802635202	0.00352541802635202	Inf	TRUE	TRUE	0.0108280696523669	0.0110921689121808	0.0063629496085378	0.0063629496085378	TRUE	NA	NA	NA	NA	NA	NA	NA	"(3~{E},5~{E})-octa-1,3,5-triene"	"InChI=1S/C8H12/c1-3-5-7-8-6-4-2/h3,5-8H,1,4H2,2H3/b7-5+,8-6+"	"HOXGZVUCAYFWGR-KQQUZDAGSA-N"	"CCC=CC=CC=C"	108.184	0	0	3	96.6	0	108.094	108.094	3.8	0	8	0	0	2	0	0	NA	NA	NA	NA	NA	NA	"CC/C=C/C=C/C=C"	NA	NA	NA
"3,5,5-trimethylhex-1-ene"	2531009.31072	227660.789717445	130996.276663512	1.08813527250817	0.106744901674024	0.0213430886152056	0.0277777777777778	0.121951219512195	0.0526315789473684	92984	"4316-65-8"	"3,5,5-trimethylhex-1-ene"	7.1886	80	7.36206705714286	43.6964285714286	FALSE	FALSE	8	8	0	0	1265504.65536	1265504.65536	15467.6026838797	15467.6026838797	96165.6155365	96165.6155365	0.0625	0.0625	0	0	0.0662896199360574	0.0662896199360574	Inf	0.0662896199360574	0.0662896199360574	Inf	TRUE	TRUE	0.0881583605335197	0.0929495757799066	0.0662896199360574	0.0671976969214829	TRUE	NA	NA	NA	NA	NA	NA	NA	"3,5,5-trimethylhex-1-ene"	"InChI=1S/C9H18/c1-6-8(2)7-9(3,4)5/h6,8H,1,7H2,2-5H3"	"JTXUVHFRSRTSAT-UHFFFAOYSA-N"	"CC(CC(C)(C)C)C=C"	126.243	0	0	3	84.7	0	126.141	126.141	NA	0	9	0	1	0	0	0	NA	NA	NA	3.9	NA	NA	NA	NA	NA	NA
"furan-3-ylmethanol"	2323422.19160404	1516665.41829234	245987.847147107	0.838471672190393	1.16427752606142	0.124030019680833	0.25	0.0975609756097561	0.0789473684210526	20449	"4412-91-3"	"furan-3-ylmethanol"	5.3026	84	0.0904123422857143	42.8904761904762	FALSE	FALSE	16	16	0	1	8005773.70428	8005773.70428	112873.872017203	112873.872017203	193585.316088	193585.316088	0.125	0.125	0	0.0256410256410256	0.045453313841478	0.047597061840758	Inf	0.045453313841478	0.047597061840758	Inf	TRUE	TRUE	0.0702081947043732	0.0750341308717655	0.0480506460609911	0.0510461242929868	TRUE	NA	NA	NA	NA	NA	NA	NA	"furan-3-ylmethanol"	"InChI=1S/C5H6O2/c6-3-5-1-2-7-4-5/h1-2,4,6H,3H2"	"STJIISDMSMJQQK-UHFFFAOYSA-N"	"C1=COC=C1CO"	98.101	1	2	1	54	33.4	98.037	98.037	0.3	0	7	0	0	0	0	0	835	NA	NA	NA	NA	NA	NA	NA	NA	NA
"(E)-hex-3-enal"	1204771.37121006	630614.601288128	NA	0.607696547392598	0.242113694994303	NA	0.583333333333333	0.317073170731707	0	643139	"4440-65-7"	"(E)-hex-3-enal"	3.9956	87	0.0153883927777778	58.5630630630631	FALSE	FALSE	37	37	0	0	1530547.51798	1530547.51798	142173.275545508	142173.275545508	413892.13294	413892.13294	0.2890625	0.2890625	0	0	1.84430716228342e-07	1.84430716228342e-07	Inf	1.84430716228342e-07	1.84430716228342e-07	Inf	TRUE	TRUE	2.64350693260624e-06	2.64350693260624e-06	1.51643033343303e-06	1.51643033343303e-06	TRUE	NA	NA	NA	NA	NA	NA	NA	"(~{E})-hex-3-enal"	"InChI=1S/C6H10O/c1-2-3-4-5-6-7/h3-4,6H,2,5H2,1H3/b4-3+"	"GXANMBISFKBPEX-ONEGZZNKSA-N"	"CCC=CCC=O"	98.145	0	1	3	64.6	17.1	98.073	98.073	NA	0	7	0	0	1	0	0	NA	NA	NA	1.1	NA	NA	"CC/C=C/CC=O"	NA	NA	NA
"valencene"	132189.404627333	NA	NA	0.00764961848628056	NA	NA	0.0833333333333333	0	0	9855795	"4630-07-3"	"valencene"	14.2632	77	0.06167305	74.2	FALSE	FALSE	5	5	0	0	290118.19302	290118.19302	4359.257437	4359.257437	69582.651975	69582.651975	0.0390625	0.0390625	0	0	0.0424874225513392	0.0424874225513392	Inf	0.0424874225513392	0.0424874225513392	Inf	TRUE	TRUE	0.0676651544336143	0.0702676603733687	0.0455662212869435	0.0462363127764574	TRUE	"valencene"	"Sesquiterpenes"	"Cyclic"	"Hydrocarbons"	5	3	3	"(3~{R},4~{a}~{S},5~{R})-4~{a},5-dimethyl-3-prop-1-en-2-yl-2,3,4,5,6,7-hexahydro-1~{H}-naphthalene"	"InChI=1S/C15H24/c1-11(2)13-8-9-14-7-5-6-12(3)15(14,4)10-13/h7,12-13H,1,5-6,8-10H2,2-4H3/t12-,13-,15+/m1/s1"	"QEBNYNLSCGVZOH-NFAWXSAZSA-N"	"CC1CCC=C2C1(CC(CC2)C(=C)C)C"	204.357	0	0	1	297	0	204.188	204.188	NA	0	15	3	0	0	0	0	NA	NA	NA	5.2	NA	NA	"C[C@@H]1CCC=C2[C@]1(C[C@@H](CC2)C(=C)C)C"	NA	NA	NA
"1,3-dihydro-2-benzofuran"	9396121.98777056	309619.007334	NA	0.722813749786306	0.0301245697823051	NA	0.166666666666667	0.024390243902439	0	10327	"496-14-0"	"1,3-dihydro-2-benzofuran"	11.17125	79	0.00380301410714285	5.41071428571429	FALSE	FALSE	8	8	0	0	10858847.415	10858847.415	270910.074170867	270910.074170867	3124053.47955	3124053.47955	0.0625	0.0625	0	0	0.018867775964902	0.018867775964902	Inf	0.018867775964902	0.018867775964902	Inf	TRUE	TRUE	0.0376321538931367	0.0392571467656832	0.022888777400045	0.022888777400045	TRUE	NA	NA	NA	NA	NA	NA	NA	"1,3-dihydro-2-benzofuran"	"InChI=1S/C8H8O/c1-2-4-8-6-9-5-7(8)3-1/h1-4H,5-6H2"	"SFLGSKRGOWRGBR-UHFFFAOYSA-N"	"C1C2=CC=CC=C2CO1"	120.151	0	1	0	88.7	9.2	120.058	120.058	1.8	0	9	0	0	0	0	0	NA	NA	NA	NA	NA	NA	NA	NA	NA	NA
"[(E)-hex-3-enyl] butanoate"	382783.192467258	1132167.855706	NA	0.157271650070407	0.39799556190105	NA	0.25	0.0487804878048781	0	5352331	"53398-84-8"	"[(E)-hex-3-enyl] butanoate"	10.78845	86.5	0.427681419833333	41.1958333333333	FALSE	FALSE	13	13	0	0	984097.396176	984097.396176	23498.6852408672	23498.6852408672	148070.45953	148070.45953	0.1015625	0.1015625	0	0	0.00900054143601434	0.00900054143601434	Inf	0.00900054143601434	0.00900054143601434	Inf	TRUE	TRUE	0.0219069782121858	0.0227660753969774	0.0133208013253012	0.0133208013253012	TRUE	NA	NA	NA	NA	NA	NA	NA	"[(~{E})-hex-3-enyl] butanoate"	"InChI=1S/C10H18O2/c1-3-5-6-7-9-12-10(11)8-4-2/h5-6H,3-4,7-9H2,1-2H3/b6-5+"	"ZCHOPXVYTWUHDS-AATRIKPKSA-N"	"CCCC(=O)OCCC=CCC"	170.252	0	2	7	139	26.3	170.131	170.131	NA	0	12	0	0	1	0	0	NA	NA	NA	2.7	NA	NA	"CCCC(=O)OCC/C=C/CC"	1175	NA	NA
"perillene"	372795.379708577	227591.718995607	272522.8883857	0.068221616470678	0.0248301394234346	0.0208633031550767	0.111111111111111	0.170731707317073	0.157894736842105	68316	"539-52-6"	"perillene"	9.42525	82.5	0.00244347712418301	125.790849673203	FALSE	FALSE	17	17	0	0	339639.08393	339639.08393	18881.9457854469	18881.9457854469	137579.805948	137579.805948	0.1328125	0.1328125	0	0	0.000344166124806595	0.000344166124806595	Inf	0.000344166124806595	0.000344166124806595	Inf	TRUE	TRUE	0.00164434926296484	0.00170759346538657	0.000979549739834154	0.000979549739834154	TRUE	"perillene"	"Monoterpenes"	"Menthanes"	"Hydrocarbons"	20	10	9	"3-(4-methylpent-3-enyl)furan"	"InChI=1S/C10H14O/c1-9(2)4-3-5-10-6-7-11-8-10/h4,6-8H,3,5H2,1-2H3"	"XNGKCOFXDHYSGR-UHFFFAOYSA-N"	"CC(=CCCC1=COC=C1)C"	150.221	0	1	3	134	13.1	150.104	150.104	NA	0	11	0	0	0	0	0	NA	NA	NA	3.2	NA	NA	NA	NA	NA	NA
"2,6,6-trimethyloctane"	169995.622119333	176449.541814	NA	0.204801107111972	0.0890523959752998	NA	0.0833333333333333	0.024390243902439	0	551285	"54166-32-4"	"2,6,6-trimethyloctane"	12.253	83	3.64748839	9	FALSE	FALSE	5	5	0	1	188994.129	188994.129	4157.90885223437	4157.90885223437	99165.510375	99165.510375	0.0390625	0.0390625	0	0.0256410256410256	0.0224832372527387	0.0854038374061971	Inf	0.0224832372527387	0.0854038374061971	Inf	TRUE	TRUE	0.0426520236118131	0.111754819421471	0.0259962430734791	0.0854038374061971	TRUE	NA	NA	NA	NA	NA	NA	NA	"2,6,6-trimethyloctane"	"InChI=1S/C11H24/c1-6-11(4,5)9-7-8-10(2)3/h10H,6-9H2,1-5H3"	"RUPXAIGHLDMSOL-UHFFFAOYSA-N"	"CCC(C)(C)CCCC(C)C"	156.313	0	0	5	90.2	0	156.188	156.188	NA	0	11	0	0	0	0	0	NA	NA	NA	5.4	NA	NA	NA	NA	NA	NA
"(E)-hept-2-ene"	148369.755	452653.009818	36364.65056	0.0802952485708173	0.274515744889413	0.00767484545349841	0.0555555555555556	0.0487804878048781	0.0263157894736842	639662	"592-77-8"	"(E)-hept-2-ene"	5.3486	79	0.00631827200000002	23.3666666666667	FALSE	FALSE	5	5	0	0	351378.94959	351378.94959	4837.53976639063	4837.53976639063	95664.557352	95664.557352	0.0390625	0.0390625	0	0	0.0526731212903102	0.0526731212903102	Inf	0.0526731212903102	0.0526731212903102	Inf	TRUE	TRUE	0.0754981405161113	0.0781015246718393	0.0541362635483744	0.0548987461335627	TRUE	NA	NA	NA	NA	NA	NA	NA	"(~{E})-hept-2-ene"	"InChI=1S/C7H14/c1-3-5-7-6-4-2/h3,5H,4,6-7H2,1-2H3/b5-3+"	"OTTZHAVKAVGASB-HWKANZROSA-N"	"CCCCC=CC"	98.189	0	0	3	44	0	98.11	98.11	NA	0	7	0	0	1	0	0	NA	NA	NA	3.2	NA	NA	"CCCC/C=C/C"	NA	NA	NA
"3H-pyran-2,6-dione"	757801.24276649	1430374.72491771	489498.541676745	0.356356093126737	0.509010199050401	0.183376104016087	0.194444444444444	0.0487804878048781	0.184210526315789	574367	"5926-95-4"	"3H-pyran-2,6-dione"	7.6282	86	1.56307134701754	67.4795321637427	FALSE	FALSE	16	16	0	1	1605323.7902	1605323.7902	48319.6487311266	48319.6487311266	299847.41051	299847.41051	0.125	0.125	0	0.0256410256410256	0.00192982025777934	0.00339742606465293	Inf	0.00192982025777934	0.00339742606465293	Inf	TRUE	TRUE	0.00753872278957229	0.0110921689121808	0.00445558528037676	0.0063629496085378	TRUE	NA	NA	NA	NA	NA	NA	NA	"3~{H}-pyran-2,6-dione"	"InChI=1S/C5H4O3/c6-4-2-1-3-5(7)8-4/h1-2H,3H2"	"SYIUWAVTBADRJG-UHFFFAOYSA-N"	"C1C=CC(=O)OC1=O"	112.084	0	3	0	157	43.4	112.016	112.016	NA	0	8	0	0	0	0	0	NA	NA	2427	0.1	NA	NA	NA	NA	NA	NA
"linalool oxide (furanoid)"	460598.433025888	2933629.68812915	21058380.5070341	0.114915541053774	0.356557923143582	2.10506675492777	0.194444444444444	0.951219512195122	1	22310	"5989-33-3"	"linalool oxide (furanoid)"	9.2799	94	0.0337161364413742	117.685959671397	FALSE	FALSE	91	91	0	0	44428248.1557	44428248.1557	3797094.87949283	3797094.87949283	2232017.45046	2232017.45046	0.7109375	0.7109375	0	0	4.91194706980601e-10	4.91194706980601e-10	Inf	4.91194706980601e-10	4.91194706980601e-10	Inf	TRUE	TRUE	1.26728234400995e-08	1.26728234400995e-08	7.2696816633129e-09	7.2696816633129e-09	TRUE	"epoxylinalool"	"Monoterpenes"	"Acyclic"	"Ethers"	1	1	1	"2-(5-ethenyl-5-methyloxolan-2-yl)propan-2-ol"	"InChI=1S/C10H18O2/c1-5-10(4)7-6-8(12-10)9(2,3)11/h5,8,11H,1,6-7H2,2-4H3"	"BRHDDEIRQPDPMG-UHFFFAOYSA-N"	"CC1(CCC(O1)C(C)(C)O)C=C"	170.252	1	2	2	186	29.5	170.131	170.131	NA	0	12	0	2	0	0	0	NA	NA	NA	1.4	NA	NA	NA	NA	NA	NA
"6-methylheptan-3-one"	112469.542814788	249982.493374919	367746.00088475	0.0513838553455405	0.158181571651678	0.178459026651038	0.0833333333333333	0.0975609756097561	0.131578947368421	12210	"624-42-0"	"6-methylheptan-3-one"	8.05825	83	0.0810095499242425	42.8106060606061	FALSE	FALSE	12	12	0	0	357377.70936	357377.70936	12613.2043548281	12613.2043548281	67373.50234	67373.50234	0.09375	0.09375	0	0	0.00436762451141917	0.00436762451141917	Inf	0.00436762451141917	0.00436762451141917	Inf	TRUE	TRUE	0.0125205235994016	0.0131028735342575	0.00751637706616323	0.00751637706616323	TRUE	"6-methyl-3-heptanone"	"Aliphatics"	"C7"	"Ketones"	1	1	1	"6-methylheptan-3-one"	"InChI=1S/C8H16O/c1-4-8(9)6-5-7(2)3/h7H,4-6H2,1-3H3"	"CCCIYAQYQZQDIZ-UHFFFAOYSA-N"	"CCC(=O)CCC(C)C"	128.215	0	1	4	84.6	17.1	128.12	128.12	NA	0	9	0	0	0	0	0	NA	941	NA	2	NA	NA	NA	NA	NA	NA
"pentyl propanoate"	118621.541735186	108933.856660955	102312.506339843	0.047653489168084	0.0608895434944313	0.0347952595553555	0.0833333333333333	0.170731707317073	0.105263157894737	12217	"624-54-4"	"pentyl propanoate"	7.2476	79	0.0877797420952381	26.6	FALSE	FALSE	14	14	0	0	126645.41646	126645.41646	6153.35206742422	6153.35206742422	52989.8978525	52989.8978525	0.109375	0.109375	0	0	0.000503285029773328	0.000503285029773328	Inf	0.000503285029773328	0.000503285029773328	Inf	TRUE	TRUE	0.00209431512389546	0.00223875064968136	0.00124143640677421	0.00128424455873194	TRUE	NA	NA	NA	NA	NA	NA	NA	"pentyl propanoate"	"InChI=1S/C8H16O2/c1-3-5-6-7-10-8(9)4-2/h3-7H2,1-2H3"	"TWSRVQVEYJNFKQ-UHFFFAOYSA-N"	"CCCCCOC(=O)CC"	144.214	0	2	6	89.3	26.3	144.115	144.115	2.4	0	10	0	0	0	0	0	NA	NA	NA	NA	NA	NA	NA	NA	NA	NA
"4-methylpentan-1-ol"	134798.452018323	149996.478643997	40987.567202807	0.0862498173354671	0.0706197708565986	0.0139934929877094	0.111111111111111	0.24390243902439	0.0263157894736842	12296	"626-89-1"	"4-methylpentan-1-ol"	4.7306	84	0.0261811438235294	16.9967320261438	FALSE	FALSE	17	17	0	0	136451.24842	136451.24842	9055.27856509141	9055.27856509141	65514.773378	65514.773378	0.1328125	0.1328125	0	0	0.000173632991680482	0.000173632991680482	Inf	0.000173632991680482	0.000173632991680482	Inf	TRUE	TRUE	0.000933277330282591	0.000973854605512269	0.000558645277580681	0.000558645277580681	TRUE	"4-methylpentanol"	"Aliphatics"	"C5"	"Alcohols"	2	2	2	"4-methylpentan-1-ol"	"InChI=1S/C6H14O/c1-6(2)4-3-5-7/h6-7H,3-5H2,1-2H3"	"PCWGTDULNUVNBN-UHFFFAOYSA-N"	"CC(C)CCCO"	102.177	1	1	3	33.2	20.2	102.104	102.104	NA	0	7	0	0	0	0	0	NA	NA	NA	1.6	NA	NA	NA	NA	NA	NA
"hexanal"	1766561.59487075	1308082.21620869	1682298.12783686	1.01343538906152	0.583318095274616	0.586011313825642	1	1	1	6184	"66-25-1"	"hexanal"	4.0229	94	0.36701046580189	16.7062982468797	FALSE	FALSE	128	128	12	6	3463016.00222	3463016.00222	816946.861464602	816946.861464602	640794.350448	640794.350448	1	1	0.75	0.153846153846154	3.54208567896356e-10	7.09834937282038e-26	4.21796007901831	3.54208567896356e-10	7.09834937282038e-26	4.21796007901831	TRUE	TRUE	1.26728234400995e-08	9.15687069093829e-24	7.2696816633129e-09	5.25277853588708e-24	TRUE	"hexanal"	"Aliphatics"	"C6"	"Aldehydes"	55	20	15	"hexanal"	"InChI=1S/C6H12O/c1-2-3-4-5-6-7/h6H,2-5H2,1H3"	"JARKCYVAAOWBJS-UHFFFAOYSA-N"	"CCCCCC=O"	100.161	0	1	4	41.4	17.1	100.089	100.089	1.8	0	7	0	0	0	0	0	NA	NA	NA	NA	NA	NA	NA	NA	NA	NA
"(E)-hex-2-enal"	671192.425070734	328097.303535249	NA	0.340700093246019	0.132666923869037	NA	0.833333333333333	0.414634146341463	0	5281168	"6728-26-3"	"(E)-hex-2-enal"	4.9878	91	0.0254612172807018	41.5828796128252	FALSE	FALSE	54	54	0	0	1059543.036444	1059543.036444	123586.883773164	123586.883773164	218251.1609815	218251.1609815	0.421875	0.421875	0	0	4.36806791590151e-10	4.36806791590151e-10	Inf	4.36806791590151e-10	4.36806791590151e-10	Inf	TRUE	TRUE	1.26728234400995e-08	1.26728234400995e-08	7.2696816633129e-09	7.2696816633129e-09	TRUE	"2-hexenal"	"Aliphatics"	"C6"	"Aldehydes"	6	2	2	"(~{E})-hex-2-enal"	"InChI=1S/C6H10O/c1-2-3-4-5-6-7/h4-6H,2-3H2,1H3/b5-4+"	"MBDOYVRWFFCFHM-SNAWJCMRSA-N"	"CCCC=CC=O"	98.145	0	1	3	64.6	17.1	98.073	98.073	NA	0	7	0	0	1	0	0	NA	NA	NA	1.5	NA	NA	"CCC/C=C/C=O"	NA	NA	NA
"4-methyl-1,3-thiazole"	95984.351476	221493.034190353	NA	0.0429730314368298	0.0754272021262233	NA	0.0555555555555556	0.170731707317073	0	12748	"693-95-8"	"4-methyl-1,3-thiazole"	8.0701	80	0.005464145	16.7777777777778	FALSE	FALSE	9	9	0	0	263964.64214	263964.64214	6911.09050479688	6911.09050479688	80115.927506	80115.927506	0.0703125	0.0703125	0	0	0.00544387146040282	0.00544387146040282	Inf	0.00544387146040282	0.00544387146040282	Inf	TRUE	TRUE	0.0143318248651421	0.0152665090954775	0.00875753234934367	0.00875753234934367	TRUE	NA	NA	NA	NA	NA	NA	NA	"4-methyl-1,3-thiazole"	"InChI=1S/C4H5NS/c1-4-2-6-3-5-4/h2-3H,1H3"	"QMHIMXFNBOYPND-UHFFFAOYSA-N"	"CC1=CSC=N1"	99.151	0	2	0	46.8	41.1	99.014	99.014	1	0	6	0	0	0	0	0	NA	NA	NA	NA	NA	NA	NA	NA	NA	NA
"hex-4-enyl acetate"	630201.65501079	130875.613772653	NA	0.300624961511901	0.0441886354511062	NA	0.305555555555556	0.121951219512195	0	529513	"72237-36-6"	"hex-4-enyl acetate"	7.8306	92	0.0140495389583333	12.2291666666667	FALSE	FALSE	16	16	0	0	1732878.53376	1732878.53376	30291.8234858516	30291.8234858516	146653.738041	146653.738041	0.125	0.125	0	0	0.0176424199563728	0.0176424199563728	Inf	0.0176424199563728	0.0176424199563728	Inf	TRUE	TRUE	0.0361249551487633	0.0373093799077391	0.0217589846128597	0.0217589846128597	TRUE	NA	NA	NA	NA	NA	NA	NA	"hex-4-enyl acetate"	"InChI=1S/C8H14O2/c1-3-4-5-6-7-10-8(2)9/h3-4H,5-7H2,1-2H3"	"SXIMDPDAXHQFFD-UHFFFAOYSA-N"	"CC=CCCCOC(=O)C"	142.198	0	2	5	116	26.3	142.099	142.099	NA	0	10	0	0	0	1	0	NA	NA	NA	1.8	NA	NA	NA	NA	NA	NA
"hept-3-ene"	297309.49099	328816.547232345	1091141.55382125	0.225052988091444	0.142725877784528	0.764780900762074	0.138888888888889	0.219512195121951	0.0526315789473684	5357258	"7642-10-6"	"hept-3-ene"	5.2964	78	0.0274192447368421	20.140350877193	FALSE	FALSE	19	19	0	0	1309791.096	1309791.096	40401.3168257422	40401.3168257422	107766.959606	107766.959606	0.1484375	0.1484375	0	0	0.00343590706105887	0.00343590706105887	Inf	0.00343590706105887	0.00343590706105887	Inf	TRUE	TRUE	0.0108280696523669	0.0110921689121808	0.0063629496085378	0.0063629496085378	TRUE	NA	NA	NA	NA	NA	NA	NA	"(~{Z})-hept-3-ene"	"InChI=1S/C7H14/c1-3-5-7-6-4-2/h5,7H,3-4,6H2,1-2H3/b7-5-"	"WZHKDGJSXCTSCK-ALCCZGGFSA-N"	"CCCC=CCC"	98.189	0	0	3	44	0	98.11	98.11	NA	0	7	0	0	1	0	0	NA	NA	NA	3.1	NA	NA	"CCC/C=C\CC"	NA	NA	NA
"linalool"	284594.968750277	593482.629539582	860177.330384202	0.053406759246349	0.0590321354326915	0.0974683702432431	0.388888888888889	0.121951219512195	0.315789473684211	6549	"78-70-6"	"linalool"	9.44485	82	0.0360195764438122	139.539829302987	FALSE	FALSE	37	37	0	0	1475430.08522	1475430.08522	86649.650009875	86649.650009875	140056.109889	140056.109889	0.2890625	0.2890625	0	0	4.2858423586272e-05	4.2858423586272e-05	Inf	4.2858423586272e-05	4.2858423586272e-05	Inf	TRUE	TRUE	0.000292185491231907	0.000292950464696303	0.000167610281791947	0.000168049103779275	TRUE	"linalool"	"Monoterpenes"	"Acyclic"	"Alcohols"	351	63	29	"3,7-dimethylocta-1,6-dien-3-ol"	"InChI=1S/C10H18O/c1-5-10(4,11)8-6-7-9(2)3/h5,7,11H,1,6,8H2,2-4H3"	"CDOSHBSSFJOMGT-UHFFFAOYSA-N"	"CC(=CCCC(C)(C=C)O)C"	154.253	1	1	4	154	20.2	154.136	154.136	NA	0	11	0	1	0	0	0	NA	NA	NA	2.7	NA	NA	NA	NA	NA	NA
"2-methylnonane"	216560.593080346	103997.535140641	137656.158657143	0.161255398652581	0.0476225914192293	0.0326101259378179	0.111111111111111	0.0731707317073171	0.0263157894736842	13379	"871-83-0"	"2-methylnonane"	13.29305	83.5	12.4599394917424	8.54545454545454	FALSE	FALSE	10	10	0	1	143864.896048	143864.896048	6340.11352575781	6340.11352575781	79487.080071	79487.080071	0.078125	0.078125	0	0.0256410256410256	0.00214379963687521	0.0135756412423289	Inf	0.00214379963687521	0.0135756412423289	Inf	TRUE	TRUE	0.00790143294734005	0.0301940986251798	0.00466591685672839	0.0176245167005674	TRUE	NA	NA	NA	NA	NA	NA	NA	"2-methylnonane"	"InChI=1S/C10H22/c1-4-5-6-7-8-9-10(2)3/h10H,4-9H2,1-3H3"	"SGVYKUFIHHTIFL-UHFFFAOYSA-N"	"CCCCCCCC(C)C"	142.286	0	0	6	55.1	0	142.172	142.172	NA	0	10	0	0	0	0	0	NA	NA	960.5	5.3	NA	NA	NA	NA	NA	NA
"dec-1-ene"	48621.692328	154251.669205774	85105.2748673651	0.0806278242771921	0.0708604427378125	0.0211009964553016	0.0277777777777778	0.0487804878048781	0.0526315789473684	13381	"872-05-9"	"dec-1-ene"	13.8689	83	0.449085332857143	36.2380952380952	FALSE	FALSE	7	7	0	0	122466.848784	122466.848784	2863.87071222656	2863.87071222656	45683.725096	45683.725096	0.0546875	0.0546875	0	0	0.0107945214525655	0.0107945214525655	Inf	0.0107945214525655	0.0107945214525655	Inf	TRUE	TRUE	0.0248659512032313	0.0257869123589066	0.0150715959903745	0.0150715959903745	TRUE	"1-decene"	"Aliphatics"	"C10"	"Alkenes"	7	2	2	"dec-1-ene"	"InChI=1S/C10H20/c1-3-5-7-9-10-8-6-4-2/h3H,1,4-10H2,2H3"	"AFFLGGQVNFXPEV-UHFFFAOYSA-N"	"CCCCCCCCC=C"	140.27	0	0	7	64.4	0	140.157	140.157	5.7	0	10	0	0	0	0	0	NA	NA	NA	NA	NA	NA	NA	NA	NA	NA
"(Z)-hex-3-en-1-ol"	8790117.64525156	6882918.69355418	692793.901467331	4.25096551242741	2.91274421635008	0.223539699667752	0.888888888888889	0.975609756097561	0.210526315789474	5281167	"928-96-1"	"(Z)-hex-3-en-1-ol"	5.14305	94	0.486271193877338	18.6839936023622	FALSE	FALSE	87	87	0	0	40801067.787	40801067.787	2634433.75611166	2634433.75611166	1454511.50472	1454511.50472	0.6796875	0.6796875	0	0	1.59376780350041e-07	1.59376780350041e-07	Inf	1.59376780350041e-07	1.59376780350041e-07	Inf	TRUE	TRUE	2.56995058314442e-06	2.56995058314442e-06	1.47423521823788e-06	1.47423521823788e-06	TRUE	"3-hexenol"	"Aliphatics"	"C6"	"Alcohols"	14	10	9	"(~{Z})-hex-3-en-1-ol"	"InChI=1S/C6H12O/c1-2-3-4-5-6-7/h3-4,7H,2,5-6H2,1H3/b4-3-"	"UFLHIIWVXFIJGU-ARJAWSKDSA-N"	"CCC=CCCO"	100.161	1	1	3	48.1	20.2	100.089	100.089	NA	0	7	0	0	1	0	0	NA	NA	NA	1.3	NA	NA	"CC/C=CCCO"	NA	NA	NA
"heptane-2,3-dione"	742552.935571639	839953.615984468	159153.636941896	0.43259324493463	0.3392441932037	0.0454178865683428	0.722222222222222	0.75609756097561	0.0789473684210526	60983	"96-04-8"	"heptane-2,3-dione"	4.7488	90	0.717213721015894	28.6307989690722	FALSE	FALSE	66	66	4	2	3218372.90762	3218372.90762	234484.129637684	234484.129637684	272983.8078775	272983.8078775	0.515625	0.515625	0.25	0.0512820512820513	0.56008992531476	0.0617860890912869	0.887272871436807	0.56008992531476	0.0617860890912869	0.887272871436807	TRUE	TRUE	1	1	1	1	FALSE	NA	NA	NA	NA	NA	NA	NA	"heptane-2,3-dione"	"InChI=1S/C7H12O2/c1-3-4-5-7(9)6(2)8/h3-5H2,1-2H3"	"FJPGAMCQJNLTJC-UHFFFAOYSA-N"	"CCCCC(=O)C(=O)C"	128.171	0	2	4	116	34.1	128.084	128.084	NA	0	9	0	0	0	0	0	NA	NA	NA	1	NA	NA	NA	NA	NA	NA
"methyl prop-2-enoate"	267484.480740694	410939.983170645	178074.22143	0.100885416217236	0.145258902709889	0.0701298210388675	0.111111111111111	0.0487804878048781	0.0526315789473684	7294	"96-33-3"	"methyl prop-2-enoate"	3.2989	77	0.0377278719444444	7.25	FALSE	FALSE	8	8	0	0	354664.5583	354664.5583	9500.89500133594	9500.89500133594	124017.303953	124017.303953	0.0625	0.0625	0	0	0.0063944200251696	0.0063944200251696	Inf	0.0063944200251696	0.0063944200251696	Inf	TRUE	TRUE	0.0162177452532382	0.0172313543315656	0.00988465287237098	0.00988465287237098	TRUE	NA	NA	NA	NA	NA	NA	NA	"methyl prop-2-enoate"	"InChI=1S/C4H6O2/c1-3-4(5)6-2/h3H,1H2,2H3"	"BAPJBEWLBFYGME-UHFFFAOYSA-N"	"COC(=O)C=C"	86.09	0	2	2	65.9	26.3	86.037	86.037	0.8	0	6	0	0	0	0	0	NA	NA	NA	NA	NA	NA	NA	NA	NA	NA
"α-phellandrene"	196430.601838815	474110.436371116	4556653.75082039	0.0589517676716029	0.0588779341618064	0.466947024002296	0.472222222222222	0.48780487804878	0.789473684210526	7460	"99-83-2"	"α-phellandrene"	7.7757	90	0.0991575381767109	28.14708886619	FALSE	FALSE	69	69	0	0	9545352.9545	9545352.9545	630309.735132041	630309.735132041	178265.606935	178265.606935	0.5390625	0.5390625	0	0	4.30350723519863e-05	4.30350723519863e-05	Inf	4.30350723519863e-05	4.30350723519863e-05	Inf	TRUE	TRUE	0.000292185491231907	0.000292950464696303	0.000167610281791947	0.000168049103779275	TRUE	"a-phellandrene"	"Monoterpenes"	"Menthanes"	"Hydrocarbons"	28	15	14	"2-methyl-5-propan-2-ylcyclohexa-1,3-diene"	"InChI=1S/C10H16/c1-8(2)10-6-4-9(3)5-7-10/h4-6,8,10H,7H2,1-3H3"	"OGLDWXZKYODSOB-UHFFFAOYSA-N"	"CC1=CCC(C=C1)C(C)C"	136.238	0	0	1	161	0	136.125	136.125	NA	0	10	0	1	0	0	0	NA	NA	NA	3.2	NA	NA	NA	NA	NA	NA
"p-cymene"	317604.851189764	251977.279491241	1377804.35896595	0.0833959629992447	0.0287525061570453	0.162609422576576	0.305555555555556	0.219512195121951	0.578947368421053	7463	"99-87-6"	"p-cymene"	8.13685	89	0.111370490188679	73.9902166317261	FALSE	FALSE	46	46	1	1	2686894.76398	2686894.76398	149299.643835023	149299.643835023	161963.109271	161963.109271	0.359375	0.359375	0.0625	0.0256410256410256	4.05144879136836e-05	2.78545540046847e-05	33.2482385454487	4.05144879136836e-05	2.78545540046847e-05	33.2482385454487	TRUE	TRUE	0.000292185491231907	0.000239549164440289	0.000167610281791947	0.000137415799756445	TRUE	"p-cymene"	"Monoterpenes"	"Menthanes"	"Hydrocarbons"	87	32	23	"1-methyl-4-propan-2-ylbenzene"	"InChI=1S/C10H14/c1-8(2)10-6-4-9(3)5-7-10/h4-8H,1-3H3"	"HFPZCAJZSCWRBC-UHFFFAOYSA-N"	"CC1=CC=C(C=C1)C(C)C"	134.222	0	0	1	86.2	0	134.11	134.11	4.1	0	10	0	0	0	0	0	NA	NA	NA	NA	NA	NA	NA	NA	NA	NA
"epoxy-linalooloxide"	NA	375933.485839241	408207.054812996	NA	0.032663911735662	0.0457697747699048	0	0.121951219512195	0.394736842105263	537453	"EPA-7965"	"epoxy-linalooloxide"	12.21855	78	0.0736180637433862	102.978835978836	FALSE	FALSE	20	20	0	0	749551.2639104	749551.2639104	31552.3899545641	31552.3899545641	131249.807044	131249.807044	0.15625	0.15625	0	0	0.000460176087410018	0.000460176087410018	Inf	0.000460176087410018	0.000460176087410018	Inf	TRUE	TRUE	0.00204699018192732	0.00219861908429231	0.00121617965958362	0.00126122335067931	TRUE	NA	NA	NA	NA	NA	NA	NA	"4-(3,3-dimethyloxiran-2-yl)-2-(oxiran-2-yl)butan-2-ol"	"InChI=1S/C10H18O3/c1-9(2)7(13-9)4-5-10(3,11)8-6-12-8/h7-8,11H,4-6H2,1-3H3"	"WNUGGHMAJKRDQE-UHFFFAOYSA-N"	"CC1(C(O1)CCC(C)(C2CO2)O)C"	186.251	1	3	4	214	45.3	186.126	186.126	NA	0	13	0	3	0	0	0	NA	NA	NA	0.5	NA	NA	NA	NA	NA	NA
